tick,hero_id,hero_name,team,x,y,health,level,net_worth
0,30,Skeleton King,0,7300,7100,500,1,1000
0,39,Wraith King,0,7390,7280,500,1,1000
0,64,Leshrac,0,7140,7280,500,1,1000
0,129,Disruptor,0,7290,7080,500,1,1000
0,73,Drow Ranger,0,7230,7460,500,1,1000
0,97,Centaur Warrunner,1,12470,7440,500,1,1000
0,69,Pudge,1,12190,7380,500,1,1000
0,4,Bloodseeker,1,12040,7080,500,1,1000
0,40,Slark,1,12400,7300,500,1,1000
0,87,Invoker,1,12370,7240,500,1,1000
30,30,Skeleton King,0,7300,7100,500,1,1003
30,39,Wraith King,0,7390,7280,500,1,1003
30,64,Leshrac,0,7140,7280,500,1,1003
30,129,Disruptor,0,7290,7080,500,1,1003
30,73,Drow Ranger,0,7230,7460,500,1,1003
30,97,Centaur Warrunner,1,12470,7440,500,1,1003
30,69,Pudge,1,12190,7380,500,1,1003
30,4,Bloodseeker,1,12040,7080,500,1,1003
30,40,Slark,1,12400,7300,500,1,1003
30,87,Invoker,1,12370,7240,500,1,1003
60,30,Skeleton King,0,7300,7100,500,1,1006
60,39,Wraith King,0,7390,7280,500,1,1006
60,64,Leshrac,0,7140,7280,500,1,1006
60,129,Disruptor,0,7290,7080,500,1,1006
60,73,Drow Ranger,0,7230,7460,500,1,1006
60,97,Centaur Warrunner,1,12470,7440,500,1,1006
60,69,Pudge,1,12190,7380,500,1,1006
60,4,Bloodseeker,1,12040,7080,500,1,1006
60,40,Slark,1,12400,7300,500,1,1006
60,87,Invoker,1,12370,7240,500,1,1006
90,30,Skeleton King,0,7300,7100,500,1,1009
90,39,Wraith King,0,7390,7280,500,1,1009
90,64,Leshrac,0,7140,7280,500,1,1009
90,129,Disruptor,0,7290,7080,500,1,1009
90,73,Drow Ranger,0,7230,7460,500,1,1009
90,97,Centaur Warrunner,1,12470,7440,500,1,1009
90,69,Pudge,1,12190,7380,500,1,1009
90,4,Bloodseeker,1,12040,7080,500,1,1009
90,40,Slark,1,12400,7300,500,1,1009
90,87,Invoker,1,12370,7240,500,1,1009
120,30,Skeleton King,0,7300,7100,501,1,1012
120,39,Wraith King,0,7390,7280,501,1,1012
120,64,Leshrac,0,7140,7280,501,1,1012
120,129,Disruptor,0,7290,7080,501,1,1012
120,73,Drow Ranger,0,7230,7460,501,1,1012
120,97,Centaur Warrunner,1,12470,7440,501,1,1012
120,69,Pudge,1,12190,7380,501,1,1012
120,4,Bloodseeker,1,12040,7080,501,1,1012
120,40,Slark,1,12400,7300,501,1,1012
120,87,Invoker,1,12370,7240,501,1,1012
150,30,Skeleton King,0,7300,7100,501,1,1015
150,39,Wraith King,0,7390,7280,501,1,1015
150,64,Leshrac,0,7140,7280,501,1,1015
150,129,Disruptor,0,7290,7080,501,1,1015
150,73,Drow Ranger,0,7230,7460,501,1,1015
150,97,Centaur Warrunner,1,12470,7440,501,1,1015
150,69,Pudge,1,12190,7380,501,1,1015
150,4,Bloodseeker,1,12040,7080,501,1,1015
150,40,Slark,1,12400,7300,501,1,1015
150,87,Invoker,1,12370,7240,501,1,1015
180,30,Skeleton King,0,7300,7100,501,1,1018
180,39,Wraith King,0,7390,7280,501,1,1018
180,64,Leshrac,0,7140,7280,501,1,1018
180,129,Disruptor,0,7290,7080,501,1,1018
180,73,Drow Ranger,0,7230,7460,501,1,1018
180,97,Centaur Warrunner,1,12470,7440,501,1,1018
180,69,Pudge,1,12190,7380,501,1,1018
180,4,Bloodseeker,1,12040,7080,501,1,1018
180,40,Slark,1,12400,7300,501,1,1018
180,87,Invoker,1,12370,7240,501,1,1018
210,30,Skeleton King,0,7300,7100,502,1,1021
210,39,Wraith King,0,7390,7280,502,1,1021
210,64,Leshrac,0,7140,7280,502,1,1021
210,129,Disruptor,0,7290,7080,502,1,1021
210,73,Drow Ranger,0,7230,7460,502,1,1021
210,97,Centaur Warrunner,1,12470,7440,502,1,1021
210,69,Pudge,1,12190,7380,502,1,1021
210,4,Bloodseeker,1,12040,7080,502,1,1021
210,40,Slark,1,12400,7300,502,1,1021
210,87,Invoker,1,12370,7240,502,1,1021
240,30,Skeleton King,0,7300,7100,502,1,1024
240,39,Wraith King,0,7390,7280,502,1,1024
240,64,Leshrac,0,7140,7280,502,1,1024
240,129,Disruptor,0,7290,7080,502,1,1024
240,73,Drow Ranger,0,7230,7460,502,1,1024
240,97,Centaur Warrunner,1,12470,7440,502,1,1024
240,69,Pudge,1,12190,7380,502,1,1024
240,4,Bloodseeker,1,12040,7080,502,1,1024
240,40,Slark,1,12400,7300,502,1,1024
240,87,Invoker,1,12370,7240,502,1,1024
270,30,Skeleton King,0,7300,7100,502,1,1027
270,39,Wraith King,0,7390,7280,502,1,1027
270,64,Leshrac,0,7140,7280,502,1,1027
270,129,Disruptor,0,7290,7080,502,1,1027
270,73,Drow Ranger,0,7230,7460,502,1,1027
270,97,Centaur Warrunner,1,12470,7440,502,1,1027
270,69,Pudge,1,12190,7380,502,1,1027
270,4,Bloodseeker,1,12040,7080,502,1,1027
270,40,Slark,1,12400,7300,502,1,1027
270,87,Invoker,1,12370,7240,502,1,1027
300,30,Skeleton King,0,7300,7100,503,2,1030
300,39,Wraith King,0,7390,7280,503,2,1030
300,64,Leshrac,0,7140,7280,503,2,1030
300,129,Disruptor,0,7290,7080,503,2,1030
300,73,Drow Ranger,0,7230,7460,503,2,1030
300,97,Centaur Warrunner,1,12470,7440,503,2,1030
300,69,Pudge,1,12190,7380,503,2,1030
300,4,Bloodseeker,1,12040,7080,503,2,1030
300,40,Slark,1,12400,7300,503,2,1030
300,87,Invoker,1,12370,7240,503,2,1030
330,30,Skeleton King,0,7300,7100,503,2,1033
330,39,Wraith King,0,7390,7280,503,2,1033
330,64,Leshrac,0,7140,7280,503,2,1033
330,129,Disruptor,0,7290,7080,503,2,1033
330,73,Drow Ranger,0,7230,7460,503,2,1033
330,97,Centaur Warrunner,1,12470,7440,503,2,1033
330,69,Pudge,1,12190,7380,503,2,1033
330,4,Bloodseeker,1,12040,7080,503,2,1033
330,40,Slark,1,12400,7300,503,2,1033
330,87,Invoker,1,12370,7240,503,2,1033
360,30,Skeleton King,0,7300,7100,503,2,1036
360,39,Wraith King,0,7390,7280,503,2,1036
360,64,Leshrac,0,7140,7280,503,2,1036
360,129,Disruptor,0,7290,7080,503,2,1036
360,73,Drow Ranger,0,7230,7460,503,2,1036
360,97,Centaur Warrunner,1,12470,7440,503,2,1036
360,69,Pudge,1,12190,7380,503,2,1036
360,4,Bloodseeker,1,12040,7080,503,2,1036
360,40,Slark,1,12400,7300,503,2,1036
360,87,Invoker,1,12370,7240,503,2,1036
390,30,Skeleton King,0,7300,7100,503,2,1039
390,39,Wraith King,0,7390,7280,503,2,1039
390,64,Leshrac,0,7140,7280,503,2,1039
390,129,Disruptor,0,7290,7080,503,2,1039
390,73,Drow Ranger,0,7230,7460,503,2,1039
390,97,Centaur Warrunner,1,12470,7440,503,2,1039
390,69,Pudge,1,12190,7380,503,2,1039
390,4,Bloodseeker,1,12040,7080,503,2,1039
390,40,Slark,1,12400,7300,503,2,1039
390,87,Invoker,1,12370,7240,503,2,1039
420,30,Skeleton King,0,7300,7100,504,2,1042
420,39,Wraith King,0,7390,7280,504,2,1042
420,64,Leshrac,0,7140,7280,504,2,1042
420,129,Disruptor,0,7290,7080,504,2,1042
420,73,Drow Ranger,0,7230,7460,504,2,1042
420,97,Centaur Warrunner,1,12470,7440,504,2,1042
420,69,Pudge,1,12190,7380,504,2,1042
420,4,Bloodseeker,1,12040,7080,504,2,1042
420,40,Slark,1,12400,7300,504,2,1042
420,87,Invoker,1,12370,7240,504,2,1042
450,30,Skeleton King,0,7300,7100,504,2,1045
450,39,Wraith King,0,7390,7280,504,2,1045
450,64,Leshrac,0,7140,7280,504,2,1045
450,129,Disruptor,0,7290,7080,504,2,1045
450,73,Drow Ranger,0,7230,7460,504,2,1045
450,97,Centaur Warrunner,1,12470,7440,504,2,1045
450,69,Pudge,1,12190,7380,504,2,1045
450,4,Bloodseeker,1,12040,7080,504,2,1045
450,40,Slark,1,12400,7300,504,2,1045
450,87,Invoker,1,12370,7240,504,2,1045
480,30,Skeleton King,0,7300,7100,504,2,1048
480,39,Wraith King,0,7390,7280,504,2,1048
480,64,Leshrac,0,7140,7280,504,2,1048
480,129,Disruptor,0,7290,7080,504,2,1048
480,73,Drow Ranger,0,7230,7460,504,2,1048
480,97,Centaur Warrunner,1,12470,7440,504,2,1048
480,69,Pudge,1,12190,7380,504,2,1048
480,4,Bloodseeker,1,12040,7080,504,2,1048
480,40,Slark,1,12400,7300,504,2,1048
480,87,Invoker,1,12370,7240,504,2,1048
510,30,Skeleton King,0,7300,7100,505,2,1051
510,39,Wraith King,0,7390,7280,505,2,1051
510,64,Leshrac,0,7140,7280,505,2,1051
510,129,Disruptor,0,7290,7080,505,2,1051
510,73,Drow Ranger,0,7230,7460,505,2,1051
510,97,Centaur Warrunner,1,12470,7440,505,2,1051
510,69,Pudge,1,12190,7380,505,2,1051
510,4,Bloodseeker,1,12040,7080,505,2,1051
510,40,Slark,1,12400,7300,505,2,1051
510,87,Invoker,1,12370,7240,505,2,1051
540,30,Skeleton King,0,7300,7100,505,2,1054
540,39,Wraith King,0,7390,7280,505,2,1054
540,64,Leshrac,0,7140,7280,505,2,1054
540,129,Disruptor,0,7290,7080,505,2,1054
540,73,Drow Ranger,0,7230,7460,505,2,1054
540,97,Centaur Warrunner,1,12470,7440,505,2,1054
540,69,Pudge,1,12190,7380,505,2,1054
540,4,Bloodseeker,1,12040,7080,505,2,1054
540,40,Slark,1,12400,7300,505,2,1054
540,87,Invoker,1,12370,7240,505,2,1054
570,30,Skeleton King,0,7300,7100,505,2,1057
570,39,Wraith King,0,7390,7280,505,2,1057
570,64,Leshrac,0,7140,7280,505,2,1057
570,129,Disruptor,0,7290,7080,505,2,1057
570,73,Drow Ranger,0,7230,7460,505,2,1057
570,97,Centaur Warrunner,1,12470,7440,505,2,1057
570,69,Pudge,1,12190,7380,505,2,1057
570,4,Bloodseeker,1,12040,7080,505,2,1057
570,40,Slark,1,12400,7300,505,2,1057
570,87,Invoker,1,12370,7240,505,2,1057
600,30,Skeleton King,0,7300,7100,506,3,1060
600,39,Wraith King,0,7390,7280,506,3,1060
600,64,Leshrac,0,7140,7280,506,3,1060
600,129,Disruptor,0,7290,7080,506,3,1060
600,73,Drow Ranger,0,7230,7460,506,3,1060
600,97,Centaur Warrunner,1,12470,7440,506,3,1060
600,69,Pudge,1,12190,7380,506,3,1060
600,4,Bloodseeker,1,12040,7080,506,3,1060
600,40,Slark,1,12400,7300,506,3,1060
600,87,Invoker,1,12370,7240,506,3,1060
630,30,Skeleton King,0,7300,7100,506,3,1063
630,39,Wraith King,0,7390,7280,506,3,1063
630,64,Leshrac,0,7140,7280,506,3,1063
630,129,Disruptor,0,7290,7080,506,3,1063
630,73,Drow Ranger,0,7230,7460,506,3,1063
630,97,Centaur Warrunner,1,12470,7440,506,3,1063
630,69,Pudge,1,12190,7380,506,3,1063
630,4,Bloodseeker,1,12040,7080,506,3,1063
630,40,Slark,1,12400,7300,506,3,1063
630,87,Invoker,1,12370,7240,506,3,1063
660,30,Skeleton King,0,7300,7100,506,3,1066
660,39,Wraith King,0,7390,7280,506,3,1066
660,64,Leshrac,0,7140,7280,506,3,1066
660,129,Disruptor,0,7290,7080,506,3,1066
660,73,Drow Ranger,0,7230,7460,506,3,1066
660,97,Centaur Warrunner,1,12470,7440,506,3,1066
660,69,Pudge,1,12190,7380,506,3,1066
660,4,Bloodseeker,1,12040,7080,506,3,1066
660,40,Slark,1,12400,7300,506,3,1066
660,87,Invoker,1,12370,7240,506,3,1066
690,30,Skeleton King,0,7300,7100,506,3,1069
690,39,Wraith King,0,7390,7280,506,3,1069
690,64,Leshrac,0,7140,7280,506,3,1069
690,129,Disruptor,0,7290,7080,506,3,1069
690,73,Drow Ranger,0,7230,7460,506,3,1069
690,97,Centaur Warrunner,1,12470,7440,506,3,1069
690,69,Pudge,1,12190,7380,506,3,1069
690,4,Bloodseeker,1,12040,7080,506,3,1069
690,40,Slark,1,12400,7300,506,3,1069
690,87,Invoker,1,12370,7240,506,3,1069
720,30,Skeleton King,0,7300,7100,507,3,1072
720,39,Wraith King,0,7390,7280,507,3,1072
720,64,Leshrac,0,7140,7280,507,3,1072
720,129,Disruptor,0,7290,7080,507,3,1072
720,73,Drow Ranger,0,7230,7460,507,3,1072
720,97,Centaur Warrunner,1,12470,7440,507,3,1072
720,69,Pudge,1,12190,7380,507,3,1072
720,4,Bloodseeker,1,12040,7080,507,3,1072
720,40,Slark,1,12400,7300,507,3,1072
720,87,Invoker,1,12370,7240,507,3,1072
750,30,Skeleton King,0,7300,7100,507,3,1075
750,39,Wraith King,0,7390,7280,507,3,1075
750,64,Leshrac,0,7140,7280,507,3,1075
750,129,Disruptor,0,7290,7080,507,3,1075
750,73,Drow Ranger,0,7230,7460,507,3,1075
750,97,Centaur Warrunner,1,12470,7440,507,3,1075
750,69,Pudge,1,12190,7380,507,3,1075
750,4,Bloodseeker,1,12040,7080,507,3,1075
750,40,Slark,1,12400,7300,507,3,1075
750,87,Invoker,1,12370,7240,507,3,1075
780,30,Skeleton King,0,7300,7100,507,3,1078
780,39,Wraith King,0,7390,7280,507,3,1078
780,64,Leshrac,0,7140,7280,507,3,1078
780,129,Disruptor,0,7290,7080,507,3,1078
780,73,Drow Ranger,0,7230,7460,507,3,1078
780,97,Centaur Warrunner,1,12470,7440,507,3,1078
780,69,Pudge,1,12190,7380,507,3,1078
780,4,Bloodseeker,1,12040,7080,507,3,1078
780,40,Slark,1,12400,7300,507,3,1078
780,87,Invoker,1,12370,7240,507,3,1078
810,30,Skeleton King,0,7300,7100,508,3,1081
810,39,Wraith King,0,7390,7280,508,3,1081
810,64,Leshrac,0,7140,7280,508,3,1081
810,129,Disruptor,0,7290,7080,508,3,1081
810,73,Drow Ranger,0,7230,7460,508,3,1081
810,97,Centaur Warrunner,1,12470,7440,508,3,1081
810,69,Pudge,1,12190,7380,508,3,1081
810,4,Bloodseeker,1,12040,7080,508,3,1081
810,40,Slark,1,12400,7300,508,3,1081
810,87,Invoker,1,12370,7240,508,3,1081
840,30,Skeleton King,0,7300,7100,508,3,1084
840,39,Wraith King,0,7390,7280,508,3,1084
840,64,Leshrac,0,7140,7280,508,3,1084
840,129,Disruptor,0,7290,7080,508,3,1084
840,73,Drow Ranger,0,7230,7460,508,3,1084
840,97,Centaur Warrunner,1,12470,7440,508,3,1084
840,69,Pudge,1,12190,7380,508,3,1084
840,4,Bloodseeker,1,12040,7080,508,3,1084
840,40,Slark,1,12400,7300,508,3,1084
840,87,Invoker,1,12370,7240,508,3,1084
870,30,Skeleton King,0,7300,7100,508,3,1087
870,39,Wraith King,0,7390,7280,508,3,1087
870,64,Leshrac,0,7140,7280,508,3,1087
870,129,Disruptor,0,7290,7080,508,3,1087
870,73,Drow Ranger,0,7230,7460,508,3,1087
870,97,Centaur Warrunner,1,12470,7440,508,3,1087
870,69,Pudge,1,12190,7380,508,3,1087
870,4,Bloodseeker,1,12040,7080,508,3,1087
870,40,Slark,1,12400,7300,508,3,1087
870,87,Invoker,1,12370,7240,508,3,1087
900,30,Skeleton King,0,7300,7100,509,4,1090
900,39,Wraith King,0,7390,7280,509,4,1090
900,64,Leshrac,0,7140,7280,509,4,1090
900,129,Disruptor,0,7290,7080,509,4,1090
900,73,Drow Ranger,0,7230,7460,509,4,1090
900,97,Centaur Warrunner,1,12470,7440,509,4,1090
900,69,Pudge,1,12190,7380,509,4,1090
900,4,Bloodseeker,1,12040,7080,509,4,1090
900,40,Slark,1,12400,7300,509,4,1090
900,87,Invoker,1,12370,7240,509,4,1090
930,30,Skeleton King,0,7300,7100,509,4,1093
930,39,Wraith King,0,7390,7280,509,4,1093
930,64,Leshrac,0,7140,7280,509,4,1093
930,129,Disruptor,0,7290,7080,509,4,1093
930,73,Drow Ranger,0,7230,7460,509,4,1093
930,97,Centaur Warrunner,1,12470,7440,509,4,1093
930,69,Pudge,1,12190,7380,509,4,1093
930,4,Bloodseeker,1,12040,7080,509,4,1093
930,40,Slark,1,12400,7300,509,4,1093
930,87,Invoker,1,12370,7240,509,4,1093
960,30,Skeleton King,0,7300,7100,509,4,1096
960,39,Wraith King,0,7390,7280,509,4,1096
960,64,Leshrac,0,7140,7280,509,4,1096
960,129,Disruptor,0,7290,7080,509,4,1096
960,73,Drow Ranger,0,7230,7460,509,4,1096
960,97,Centaur Warrunner,1,12470,7440,509,4,1096
960,69,Pudge,1,12190,7380,509,4,1096
960,4,Bloodseeker,1,12040,7080,509,4,1096
960,40,Slark,1,12400,7300,509,4,1096
960,87,Invoker,1,12370,7240,509,4,1096
990,30,Skeleton King,0,7300,7100,509,4,1099
990,39,Wraith King,0,7390,7280,509,4,1099
990,64,Leshrac,0,7140,7280,509,4,1099
990,129,Disruptor,0,7290,7080,509,4,1099
990,73,Drow Ranger,0,7230,7460,509,4,1099
990,97,Centaur Warrunner,1,12470,7440,509,4,1099
990,69,Pudge,1,12190,7380,509,4,1099
990,4,Bloodseeker,1,12040,7080,509,4,1099
990,40,Slark,1,12400,7300,509,4,1099
990,87,Invoker,1,12370,7240,509,4,1099
1020,30,Skeleton King,0,7300,7100,510,4,1102
1020,39,Wraith King,0,7390,7280,510,4,1102
1020,64,Leshrac,0,7140,7280,510,4,1102
1020,129,Disruptor,0,7290,7080,510,4,1102
1020,73,Drow Ranger,0,7230,7460,510,4,1102
1020,97,Centaur Warrunner,1,12470,7440,510,4,1102
1020,69,Pudge,1,12190,7380,510,4,1102
1020,4,Bloodseeker,1,12040,7080,510,4,1102
1020,40,Slark,1,12400,7300,510,4,1102
1020,87,Invoker,1,12370,7240,510,4,1102
1050,30,Skeleton King,0,7300,7100,510,4,1105
1050,39,Wraith King,0,7390,7280,510,4,1105
1050,64,Leshrac,0,7140,7280,510,4,1105
1050,129,Disruptor,0,7290,7080,510,4,1105
1050,73,Drow Ranger,0,7230,7460,510,4,1105
1050,97,Centaur Warrunner,1,12470,7440,510,4,1105
1050,69,Pudge,1,12190,7380,510,4,1105
1050,4,Bloodseeker,1,12040,7080,510,4,1105
1050,40,Slark,1,12400,7300,510,4,1105
1050,87,Invoker,1,12370,7240,510,4,1105
1080,30,Skeleton King,0,7300,7100,510,4,1108
1080,39,Wraith King,0,7390,7280,510,4,1108
1080,64,Leshrac,0,7140,7280,510,4,1108
1080,129,Disruptor,0,7290,7080,510,4,1108
1080,73,Drow Ranger,0,7230,7460,510,4,1108
1080,97,Centaur Warrunner,1,12470,7440,510,4,1108
1080,69,Pudge,1,12190,7380,510,4,1108
1080,4,Bloodseeker,1,12040,7080,510,4,1108
1080,40,Slark,1,12400,7300,510,4,1108
1080,87,Invoker,1,12370,7240,510,4,1108
1110,30,Skeleton King,0,7300,7100,511,4,1111
1110,39,Wraith King,0,7390,7280,511,4,1111
1110,64,Leshrac,0,7140,7280,511,4,1111
1110,129,Disruptor,0,7290,7080,511,4,1111
1110,73,Drow Ranger,0,7230,7460,511,4,1111
1110,97,Centaur Warrunner,1,12470,7440,511,4,1111
1110,69,Pudge,1,12190,7380,511,4,1111
1110,4,Bloodseeker,1,12040,7080,511,4,1111
1110,40,Slark,1,12400,7300,511,4,1111
1110,87,Invoker,1,12370,7240,511,4,1111
1140,30,Skeleton King,0,7300,7100,511,4,1114
1140,39,Wraith King,0,7390,7280,511,4,1114
1140,64,Leshrac,0,7140,7280,511,4,1114
1140,129,Disruptor,0,7290,7080,511,4,1114
1140,73,Drow Ranger,0,7230,7460,511,4,1114
1140,97,Centaur Warrunner,1,12470,7440,511,4,1114
1140,69,Pudge,1,12190,7380,511,4,1114
1140,4,Bloodseeker,1,12040,7080,511,4,1114
1140,40,Slark,1,12400,7300,511,4,1114
1140,87,Invoker,1,12370,7240,511,4,1114
1170,30,Skeleton King,0,7300,7100,511,4,1117
1170,39,Wraith King,0,7390,7280,511,4,1117
1170,64,Leshrac,0,7140,7280,511,4,1117
1170,129,Disruptor,0,7290,7080,511,4,1117
1170,73,Drow Ranger,0,7230,7460,511,4,1117
1170,97,Centaur Warrunner,1,12470,7440,511,4,1117
1170,69,Pudge,1,12190,7380,511,4,1117
1170,4,Bloodseeker,1,12040,7080,511,4,1117
1170,40,Slark,1,12400,7300,511,4,1117
1170,87,Invoker,1,12370,7240,511,4,1117
1200,30,Skeleton King,0,7300,7100,512,5,1120
1200,39,Wraith King,0,7390,7280,512,5,1120
1200,64,Leshrac,0,7140,7280,512,5,1120
1200,129,Disruptor,0,7290,7080,512,5,1120
1200,73,Drow Ranger,0,7230,7460,512,5,1120
1200,97,Centaur Warrunner,1,12470,7440,512,5,1120
1200,69,Pudge,1,12190,7380,512,5,1120
1200,4,Bloodseeker,1,12040,7080,512,5,1120
1200,40,Slark,1,12400,7300,512,5,1120
1200,87,Invoker,1,12370,7240,512,5,1120
1230,30,Skeleton King,0,7300,7100,512,5,1123
1230,39,Wraith King,0,7390,7280,512,5,1123
1230,64,Leshrac,0,7140,7280,512,5,1123
1230,129,Disruptor,0,7290,7080,512,5,1123
1230,73,Drow Ranger,0,7230,7460,512,5,1123
1230,97,Centaur Warrunner,1,12470,7440,512,5,1123
1230,69,Pudge,1,12190,7380,512,5,1123
1230,4,Bloodseeker,1,12040,7080,512,5,1123
1230,40,Slark,1,12400,7300,512,5,1123
1230,87,Invoker,1,12370,7240,512,5,1123
1260,30,Skeleton King,0,7300,7100,512,5,1126
1260,39,Wraith King,0,7390,7280,512,5,1126
1260,64,Leshrac,0,7140,7280,512,5,1126
1260,129,Disruptor,0,7290,7080,512,5,1126
1260,73,Drow Ranger,0,7230,7460,512,5,1126
1260,97,Centaur Warrunner,1,12470,7440,512,5,1126
1260,69,Pudge,1,12190,7380,512,5,1126
1260,4,Bloodseeker,1,12040,7080,512,5,1126
1260,40,Slark,1,12400,7300,512,5,1126
1260,87,Invoker,1,12370,7240,512,5,1126
1290,30,Skeleton King,0,7300,7100,512,5,1129
1290,39,Wraith King,0,7390,7280,512,5,1129
1290,64,Leshrac,0,7140,7280,512,5,1129
1290,129,Disruptor,0,7290,7080,512,5,1129
1290,73,Drow Ranger,0,7230,7460,512,5,1129
1290,97,Centaur Warrunner,1,12470,7440,512,5,1129
1290,69,Pudge,1,12190,7380,512,5,1129
1290,4,Bloodseeker,1,12040,7080,512,5,1129
1290,40,Slark,1,12400,7300,512,5,1129
1290,87,Invoker,1,12370,7240,512,5,1129
1320,30,Skeleton King,0,7300,7100,513,5,1132
1320,39,Wraith King,0,7390,7280,513,5,1132
1320,64,Leshrac,0,7140,7280,513,5,1132
1320,129,Disruptor,0,7290,7080,513,5,1132
1320,73,Drow Ranger,0,7230,7460,513,5,1132
1320,97,Centaur Warrunner,1,12470,7440,513,5,1132
1320,69,Pudge,1,12190,7380,513,5,1132
1320,4,Bloodseeker,1,12040,7080,513,5,1132
1320,40,Slark,1,12400,7300,513,5,1132
1320,87,Invoker,1,12370,7240,513,5,1132
1350,30,Skeleton King,0,7300,7100,513,5,1135
1350,39,Wraith King,0,7390,7280,513,5,1135
1350,64,Leshrac,0,7140,7280,513,5,1135
1350,129,Disruptor,0,7290,7080,513,5,1135
1350,73,Drow Ranger,0,7230,7460,513,5,1135
1350,97,Centaur Warrunner,1,12470,7440,513,5,1135
1350,69,Pudge,1,12190,7380,513,5,1135
1350,4,Bloodseeker,1,12040,7080,513,5,1135
1350,40,Slark,1,12400,7300,513,5,1135
1350,87,Invoker,1,12370,7240,513,5,1135
1380,30,Skeleton King,0,7300,7100,513,5,1138
1380,39,Wraith King,0,7390,7280,513,5,1138
1380,64,Leshrac,0,7140,7280,513,5,1138
1380,129,Disruptor,0,7290,7080,513,5,1138
1380,73,Drow Ranger,0,7230,7460,513,5,1138
1380,97,Centaur Warrunner,1,12470,7440,513,5,1138
1380,69,Pudge,1,12190,7380,513,5,1138
1380,4,Bloodseeker,1,12040,7080,513,5,1138
1380,40,Slark,1,12400,7300,513,5,1138
1380,87,Invoker,1,12370,7240,513,5,1138
1410,30,Skeleton King,0,7300,7100,514,5,1141
1410,39,Wraith King,0,7390,7280,514,5,1141
1410,64,Leshrac,0,7140,7280,514,5,1141
1410,129,Disruptor,0,7290,7080,514,5,1141
1410,73,Drow Ranger,0,7230,7460,514,5,1141
1410,97,Centaur Warrunner,1,12470,7440,514,5,1141
1410,69,Pudge,1,12190,7380,514,5,1141
1410,4,Bloodseeker,1,12040,7080,514,5,1141
1410,40,Slark,1,12400,7300,514,5,1141
1410,87,Invoker,1,12370,7240,514,5,1141
1440,30,Skeleton King,0,7300,7100,514,5,1144
1440,39,Wraith King,0,7390,7280,514,5,1144
1440,64,Leshrac,0,7140,7280,514,5,1144
1440,129,Disruptor,0,7290,7080,514,5,1144
1440,73,Drow Ranger,0,7230,7460,514,5,1144
1440,97,Centaur Warrunner,1,12470,7440,514,5,1144
1440,69,Pudge,1,12190,7380,514,5,1144
1440,4,Bloodseeker,1,12040,7080,514,5,1144
1440,40,Slark,1,12400,7300,514,5,1144
1440,87,Invoker,1,12370,7240,514,5,1144
1470,30,Skeleton King,0,7300,7100,514,5,1147
1470,39,Wraith King,0,7390,7280,514,5,1147
1470,64,Leshrac,0,7140,7280,514,5,1147
1470,129,Disruptor,0,7290,7080,514,5,1147
1470,73,Drow Ranger,0,7230,7460,514,5,1147
1470,97,Centaur Warrunner,1,12470,7440,514,5,1147
1470,69,Pudge,1,12190,7380,514,5,1147
1470,4,Bloodseeker,1,12040,7080,514,5,1147
1470,40,Slark,1,12400,7300,514,5,1147
1470,87,Invoker,1,12370,7240,514,5,1147
1500,30,Skeleton King,0,7300,7100,515,6,1150
1500,39,Wraith King,0,7390,7280,515,6,1150
1500,64,Leshrac,0,7140,7280,515,6,1150
1500,129,Disruptor,0,7290,7080,515,6,1150
1500,73,Drow Ranger,0,7230,7460,515,6,1150
1500,97,Centaur Warrunner,1,12470,7440,515,6,1150
1500,69,Pudge,1,12190,7380,515,6,1150
1500,4,Bloodseeker,1,12040,7080,515,6,1150
1500,40,Slark,1,12400,7300,515,6,1150
1500,87,Invoker,1,12370,7240,515,6,1150
1530,30,Skeleton King,0,7300,7100,515,6,1153
1530,39,Wraith King,0,7390,7280,515,6,1153
1530,64,Leshrac,0,7140,7280,515,6,1153
1530,129,Disruptor,0,7290,7080,515,6,1153
1530,73,Drow Ranger,0,7230,7460,515,6,1153
1530,97,Centaur Warrunner,1,12470,7440,515,6,1153
1530,69,Pudge,1,12190,7380,515,6,1153
1530,4,Bloodseeker,1,12040,7080,515,6,1153
1530,40,Slark,1,12400,7300,515,6,1153
1530,87,Invoker,1,12370,7240,515,6,1153
1560,30,Skeleton King,0,7300,7100,515,6,1156
1560,39,Wraith King,0,7390,7280,515,6,1156
1560,64,Leshrac,0,7140,7280,515,6,1156
1560,129,Disruptor,0,7290,7080,515,6,1156
1560,73,Drow Ranger,0,7230,7460,515,6,1156
1560,97,Centaur Warrunner,1,12470,7440,515,6,1156
1560,69,Pudge,1,12190,7380,515,6,1156
1560,4,Bloodseeker,1,12040,7080,515,6,1156
1560,40,Slark,1,12400,7300,515,6,1156
1560,87,Invoker,1,12370,7240,515,6,1156
1590,30,Skeleton King,0,7300,7100,515,6,1159
1590,39,Wraith King,0,7390,7280,515,6,1159
1590,64,Leshrac,0,7140,7280,515,6,1159
1590,129,Disruptor,0,7290,7080,515,6,1159
1590,73,Drow Ranger,0,7230,7460,515,6,1159
1590,97,Centaur Warrunner,1,12470,7440,515,6,1159
1590,69,Pudge,1,12190,7380,515,6,1159
1590,4,Bloodseeker,1,12040,7080,515,6,1159
1590,40,Slark,1,12400,7300,515,6,1159
1590,87,Invoker,1,12370,7240,515,6,1159
1620,30,Skeleton King,0,7300,7100,516,6,1162
1620,39,Wraith King,0,7390,7280,516,6,1162
1620,64,Leshrac,0,7140,7280,516,6,1162
1620,129,Disruptor,0,7290,7080,516,6,1162
1620,73,Drow Ranger,0,7230,7460,516,6,1162
1620,97,Centaur Warrunner,1,12470,7440,516,6,1162
1620,69,Pudge,1,12190,7380,516,6,1162
1620,4,Bloodseeker,1,12040,7080,516,6,1162
1620,40,Slark,1,12400,7300,516,6,1162
1620,87,Invoker,1,12370,7240,516,6,1162
1650,30,Skeleton King,0,7300,7100,516,6,1165
1650,39,Wraith King,0,7390,7280,516,6,1165
1650,64,Leshrac,0,7140,7280,516,6,1165
1650,129,Disruptor,0,7290,7080,516,6,1165
1650,73,Drow Ranger,0,7230,7460,516,6,1165
1650,97,Centaur Warrunner,1,12470,7440,516,6,1165
1650,69,Pudge,1,12190,7380,516,6,1165
1650,4,Bloodseeker,1,12040,7080,516,6,1165
1650,40,Slark,1,12400,7300,516,6,1165
1650,87,Invoker,1,12370,7240,516,6,1165
1680,30,Skeleton King,0,7300,7100,516,6,1168
1680,39,Wraith King,0,7390,7280,516,6,1168
1680,64,Leshrac,0,7140,7280,516,6,1168
1680,129,Disruptor,0,7290,7080,516,6,1168
1680,73,Drow Ranger,0,7230,7460,516,6,1168
1680,97,Centaur Warrunner,1,12470,7440,516,6,1168
1680,69,Pudge,1,12190,7380,516,6,1168
1680,4,Bloodseeker,1,12040,7080,516,6,1168
1680,40,Slark,1,12400,7300,516,6,1168
1680,87,Invoker,1,12370,7240,516,6,1168
1710,30,Skeleton King,0,7300,7100,517,6,1171
1710,39,Wraith King,0,7390,7280,517,6,1171
1710,64,Leshrac,0,7140,7280,517,6,1171
1710,129,Disruptor,0,7290,7080,517,6,1171
1710,73,Drow Ranger,0,7230,7460,517,6,1171
1710,97,Centaur Warrunner,1,12470,7440,517,6,1171
1710,69,Pudge,1,12190,7380,517,6,1171
1710,4,Bloodseeker,1,12040,7080,517,6,1171
1710,40,Slark,1,12400,7300,517,6,1171
1710,87,Invoker,1,12370,7240,517,6,1171
1740,30,Skeleton King,0,7300,7100,517,6,1174
1740,39,Wraith King,0,7390,7280,517,6,1174
1740,64,Leshrac,0,7140,7280,517,6,1174
1740,129,Disruptor,0,7290,7080,517,6,1174
1740,73,Drow Ranger,0,7230,7460,517,6,1174
1740,97,Centaur Warrunner,1,12470,7440,517,6,1174
1740,69,Pudge,1,12190,7380,517,6,1174
1740,4,Bloodseeker,1,12040,7080,517,6,1174
1740,40,Slark,1,12400,7300,517,6,1174
1740,87,Invoker,1,12370,7240,517,6,1174
1770,30,Skeleton King,0,7300,7100,517,6,1177
1770,39,Wraith King,0,7390,7280,517,6,1177
1770,64,Leshrac,0,7140,7280,517,6,1177
1770,129,Disruptor,0,7290,7080,517,6,1177
1770,73,Drow Ranger,0,7230,7460,517,6,1177
1770,97,Centaur Warrunner,1,12470,7440,517,6,1177
1770,69,Pudge,1,12190,7380,517,6,1177
1770,4,Bloodseeker,1,12040,7080,517,6,1177
1770,40,Slark,1,12400,7300,517,6,1177
1770,87,Invoker,1,12370,7240,517,6,1177
1800,30,Skeleton King,0,7300,7100,518,7,1180
1800,39,Wraith King,0,7390,7280,518,7,1180
1800,64,Leshrac,0,7140,7280,518,7,1180
1800,129,Disruptor,0,7290,7080,518,7,1180
1800,73,Drow Ranger,0,7230,7460,518,7,1180
1800,97,Centaur Warrunner,1,12470,7440,518,7,1180
1800,69,Pudge,1,12190,7380,518,7,1180
1800,4,Bloodseeker,1,12040,7080,518,7,1180
1800,40,Slark,1,12400,7300,518,7,1180
1800,87,Invoker,1,12370,7240,518,7,1180
1830,30,Skeleton King,0,7300,7100,518,7,1183
1830,39,Wraith King,0,7390,7280,518,7,1183
1830,64,Leshrac,0,7140,7280,518,7,1183
1830,129,Disruptor,0,7290,7080,518,7,1183
1830,73,Drow Ranger,0,7230,7460,518,7,1183
1830,97,Centaur Warrunner,1,12470,7440,518,7,1183
1830,69,Pudge,1,12190,7380,518,7,1183
1830,4,Bloodseeker,1,12040,7080,518,7,1183
1830,40,Slark,1,12400,7300,518,7,1183
1830,87,Invoker,1,12370,7240,518,7,1183
1860,30,Skeleton King,0,7300,7100,518,7,1186
1860,39,Wraith King,0,7390,7280,518,7,1186
1860,64,Leshrac,0,7140,7280,518,7,1186
1860,129,Disruptor,0,7290,7080,518,7,1186
1860,73,Drow Ranger,0,7230,7460,518,7,1186
1860,97,Centaur Warrunner,1,12470,7440,518,7,1186
1860,69,Pudge,1,12190,7380,518,7,1186
1860,4,Bloodseeker,1,12040,7080,518,7,1186
1860,40,Slark,1,12400,7300,518,7,1186
1860,87,Invoker,1,12370,7240,518,7,1186
1890,30,Skeleton King,0,7300,7100,518,7,1189
1890,39,Wraith King,0,7390,7280,518,7,1189
1890,64,Leshrac,0,7140,7280,518,7,1189
1890,129,Disruptor,0,7290,7080,518,7,1189
1890,73,Drow Ranger,0,7230,7460,518,7,1189
1890,97,Centaur Warrunner,1,12470,7440,518,7,1189
1890,69,Pudge,1,12190,7380,518,7,1189
1890,4,Bloodseeker,1,12040,7080,518,7,1189
1890,40,Slark,1,12400,7300,518,7,1189
1890,87,Invoker,1,12370,7240,518,7,1189
1920,30,Skeleton King,0,7300,7100,519,7,1192
1920,39,Wraith King,0,7390,7280,519,7,1192
1920,64,Leshrac,0,7140,7280,519,7,1192
1920,129,Disruptor,0,7290,7080,519,7,1192
1920,73,Drow Ranger,0,7230,7460,519,7,1192
1920,97,Centaur Warrunner,1,12470,7440,519,7,1192
1920,69,Pudge,1,12190,7380,519,7,1192
1920,4,Bloodseeker,1,12040,7080,519,7,1192
1920,40,Slark,1,12400,7300,519,7,1192
1920,87,Invoker,1,12370,7240,519,7,1192
1950,30,Skeleton King,0,7300,7100,519,7,1195
1950,39,Wraith King,0,7390,7280,519,7,1195
1950,64,Leshrac,0,7140,7280,519,7,1195
1950,129,Disruptor,0,7290,7080,519,7,1195
1950,73,Drow Ranger,0,7230,7460,519,7,1195
1950,97,Centaur Warrunner,1,12470,7440,519,7,1195
1950,69,Pudge,1,12190,7380,519,7,1195
1950,4,Bloodseeker,1,12040,7080,519,7,1195
1950,40,Slark,1,12400,7300,519,7,1195
1950,87,Invoker,1,12370,7240,519,7,1195
1980,30,Skeleton King,0,7300,7100,519,7,1198
1980,39,Wraith King,0,7390,7280,519,7,1198
1980,64,Leshrac,0,7140,7280,519,7,1198
1980,129,Disruptor,0,7290,7080,519,7,1198
1980,73,Drow Ranger,0,7230,7460,519,7,1198
1980,97,Centaur Warrunner,1,12470,7440,519,7,1198
1980,69,Pudge,1,12190,7380,519,7,1198
1980,4,Bloodseeker,1,12040,7080,519,7,1198
1980,40,Slark,1,12400,7300,519,7,1198
1980,87,Invoker,1,12370,7240,519,7,1198
2010,30,Skeleton King,0,7300,7100,520,7,1201
2010,39,Wraith King,0,7390,7280,520,7,1201
2010,64,Leshrac,0,7140,7280,520,7,1201
2010,129,Disruptor,0,7290,7080,520,7,1201
2010,73,Drow Ranger,0,7230,7460,520,7,1201
2010,97,Centaur Warrunner,1,12470,7440,520,7,1201
2010,69,Pudge,1,12190,7380,520,7,1201
2010,4,Bloodseeker,1,12040,7080,520,7,1201
2010,40,Slark,1,12400,7300,520,7,1201
2010,87,Invoker,1,12370,7240,520,7,1201
2040,30,Skeleton King,0,7300,7100,520,7,1204
2040,39,Wraith King,0,7390,7280,520,7,1204
2040,64,Leshrac,0,7140,7280,520,7,1204
2040,129,Disruptor,0,7290,7080,520,7,1204
2040,73,Drow Ranger,0,7230,7460,520,7,1204
2040,97,Centaur Warrunner,1,12470,7440,520,7,1204
2040,69,Pudge,1,12190,7380,520,7,1204
2040,4,Bloodseeker,1,12040,7080,520,7,1204
2040,40,Slark,1,12400,7300,520,7,1204
2040,87,Invoker,1,12370,7240,520,7,1204
2070,30,Skeleton King,0,7300,7100,520,7,1207
2070,39,Wraith King,0,7390,7280,520,7,1207
2070,64,Leshrac,0,7140,7280,520,7,1207
2070,129,Disruptor,0,7290,7080,520,7,1207
2070,73,Drow Ranger,0,7230,7460,520,7,1207
2070,97,Centaur Warrunner,1,12470,7440,520,7,1207
2070,69,Pudge,1,12190,7380,520,7,1207
2070,4,Bloodseeker,1,12040,7080,520,7,1207
2070,40,Slark,1,12400,7300,520,7,1207
2070,87,Invoker,1,12370,7240,520,7,1207
2100,30,Skeleton King,0,7300,7100,521,8,1210
2100,39,Wraith King,0,7390,7280,521,8,1210
2100,64,Leshrac,0,7140,7280,521,8,1210
2100,129,Disruptor,0,7290,7080,521,8,1210
2100,73,Drow Ranger,0,7230,7460,521,8,1210
2100,97,Centaur Warrunner,1,12470,7440,521,8,1210
2100,69,Pudge,1,12190,7380,521,8,1210
2100,4,Bloodseeker,1,12040,7080,521,8,1210
2100,40,Slark,1,12400,7300,521,8,1210
2100,87,Invoker,1,12370,7240,521,8,1210
2130,30,Skeleton King,0,7300,7100,521,8,1213
2130,39,Wraith King,0,7390,7280,521,8,1213
2130,64,Leshrac,0,7140,7280,521,8,1213
2130,129,Disruptor,0,7290,7080,521,8,1213
2130,73,Drow Ranger,0,7230,7460,521,8,1213
2130,97,Centaur Warrunner,1,12470,7440,521,8,1213
2130,69,Pudge,1,12190,7380,521,8,1213
2130,4,Bloodseeker,1,12040,7080,521,8,1213
2130,40,Slark,1,12400,7300,521,8,1213
2130,87,Invoker,1,12370,7240,521,8,1213
2160,30,Skeleton King,0,7300,7100,521,8,1216
2160,39,Wraith King,0,7390,7280,521,8,1216
2160,64,Leshrac,0,7140,7280,521,8,1216
2160,129,Disruptor,0,7290,7080,521,8,1216
2160,73,Drow Ranger,0,7230,7460,521,8,1216
2160,97,Centaur Warrunner,1,12470,7440,521,8,1216
2160,69,Pudge,1,12190,7380,521,8,1216
2160,4,Bloodseeker,1,12040,7080,521,8,1216
2160,40,Slark,1,12400,7300,521,8,1216
2160,87,Invoker,1,12370,7240,521,8,1216
2190,30,Skeleton King,0,7300,7100,521,8,1219
2190,39,Wraith King,0,7390,7280,521,8,1219
2190,64,Leshrac,0,7140,7280,521,8,1219
2190,129,Disruptor,0,7290,7080,521,8,1219
2190,73,Drow Ranger,0,7230,7460,521,8,1219
2190,97,Centaur Warrunner,1,12470,7440,521,8,1219
2190,69,Pudge,1,12190,7380,521,8,1219
2190,4,Bloodseeker,1,12040,7080,521,8,1219
2190,40,Slark,1,12400,7300,521,8,1219
2190,87,Invoker,1,12370,7240,521,8,1219
2220,30,Skeleton King,0,7300,7100,522,8,1222
2220,39,Wraith King,0,7390,7280,522,8,1222
2220,64,Leshrac,0,7140,7280,522,8,1222
2220,129,Disruptor,0,7290,7080,522,8,1222
2220,73,Drow Ranger,0,7230,7460,522,8,1222
2220,97,Centaur Warrunner,1,12470,7440,522,8,1222
2220,69,Pudge,1,12190,7380,522,8,1222
2220,4,Bloodseeker,1,12040,7080,522,8,1222
2220,40,Slark,1,12400,7300,522,8,1222
2220,87,Invoker,1,12370,7240,522,8,1222
2250,30,Skeleton King,0,7300,7100,522,8,1225
2250,39,Wraith King,0,7390,7280,522,8,1225
2250,64,Leshrac,0,7140,7280,522,8,1225
2250,129,Disruptor,0,7290,7080,522,8,1225
2250,73,Drow Ranger,0,7230,7460,522,8,1225
2250,97,Centaur Warrunner,1,12470,7440,522,8,1225
2250,69,Pudge,1,12190,7380,522,8,1225
2250,4,Bloodseeker,1,12040,7080,522,8,1225
2250,40,Slark,1,12400,7300,522,8,1225
2250,87,Invoker,1,12370,7240,522,8,1225
2280,30,Skeleton King,0,7300,7100,522,8,1228
2280,39,Wraith King,0,7390,7280,522,8,1228
2280,64,Leshrac,0,7140,7280,522,8,1228
2280,129,Disruptor,0,7290,7080,522,8,1228
2280,73,Drow Ranger,0,7230,7460,522,8,1228
2280,97,Centaur Warrunner,1,12470,7440,522,8,1228
2280,69,Pudge,1,12190,7380,522,8,1228
2280,4,Bloodseeker,1,12040,7080,522,8,1228
2280,40,Slark,1,12400,7300,522,8,1228
2280,87,Invoker,1,12370,7240,522,8,1228
2310,30,Skeleton King,0,7300,7100,523,8,1231
2310,39,Wraith King,0,7390,7280,523,8,1231
2310,64,Leshrac,0,7140,7280,523,8,1231
2310,129,Disruptor,0,7290,7080,523,8,1231
2310,73,Drow Ranger,0,7230,7460,523,8,1231
2310,97,Centaur Warrunner,1,12470,7440,523,8,1231
2310,69,Pudge,1,12190,7380,523,8,1231
2310,4,Bloodseeker,1,12040,7080,523,8,1231
2310,40,Slark,1,12400,7300,523,8,1231
2310,87,Invoker,1,12370,7240,523,8,1231
2340,30,Skeleton King,0,7300,7100,523,8,1234
2340,39,Wraith King,0,7390,7280,523,8,1234
2340,64,Leshrac,0,7140,7280,523,8,1234
2340,129,Disruptor,0,7290,7080,523,8,1234
2340,73,Drow Ranger,0,7230,7460,523,8,1234
2340,97,Centaur Warrunner,1,12470,7440,523,8,1234
2340,69,Pudge,1,12190,7380,523,8,1234
2340,4,Bloodseeker,1,12040,7080,523,8,1234
2340,40,Slark,1,12400,7300,523,8,1234
2340,87,Invoker,1,12370,7240,523,8,1234
2370,30,Skeleton King,0,7300,7100,523,8,1237
2370,39,Wraith King,0,7390,7280,523,8,1237
2370,64,Leshrac,0,7140,7280,523,8,1237
2370,129,Disruptor,0,7290,7080,523,8,1237
2370,73,Drow Ranger,0,7230,7460,523,8,1237
2370,97,Centaur Warrunner,1,12470,7440,523,8,1237
2370,69,Pudge,1,12190,7380,523,8,1237
2370,4,Bloodseeker,1,12040,7080,523,8,1237
2370,40,Slark,1,12400,7300,523,8,1237
2370,87,Invoker,1,12370,7240,523,8,1237
2400,30,Skeleton King,0,7300,7100,524,9,1240
2400,39,Wraith King,0,7390,7280,524,9,1240
2400,64,Leshrac,0,7140,7280,524,9,1240
2400,129,Disruptor,0,7290,7080,524,9,1240
2400,73,Drow Ranger,0,7230,7460,524,9,1240
2400,97,Centaur Warrunner,1,12470,7440,524,9,1240
2400,69,Pudge,1,12190,7380,524,9,1240
2400,4,Bloodseeker,1,12040,7080,524,9,1240
2400,40,Slark,1,12400,7300,524,9,1240
2400,87,Invoker,1,12370,7240,524,9,1240
2430,30,Skeleton King,0,7300,7100,524,9,1243
2430,39,Wraith King,0,7390,7280,524,9,1243
2430,64,Leshrac,0,7140,7280,524,9,1243
2430,129,Disruptor,0,7290,7080,524,9,1243
2430,73,Drow Ranger,0,7230,7460,524,9,1243
2430,97,Centaur Warrunner,1,12470,7440,524,9,1243
2430,69,Pudge,1,12190,7380,524,9,1243
2430,4,Bloodseeker,1,12040,7080,524,9,1243
2430,40,Slark,1,12400,7300,524,9,1243
2430,87,Invoker,1,12370,7240,524,9,1243
2460,30,Skeleton King,0,7300,7100,524,9,1246
2460,39,Wraith King,0,7390,7280,524,9,1246
2460,64,Leshrac,0,7140,7280,524,9,1246
2460,129,Disruptor,0,7290,7080,524,9,1246
2460,73,Drow Ranger,0,7230,7460,524,9,1246
2460,97,Centaur Warrunner,1,12470,7440,524,9,1246
2460,69,Pudge,1,12190,7380,524,9,1246
2460,4,Bloodseeker,1,12040,7080,524,9,1246
2460,40,Slark,1,12400,7300,524,9,1246
2460,87,Invoker,1,12370,7240,524,9,1246
2490,30,Skeleton King,0,7300,7100,524,9,1249
2490,39,Wraith King,0,7390,7280,524,9,1249
2490,64,Leshrac,0,7140,7280,524,9,1249
2490,129,Disruptor,0,7290,7080,524,9,1249
2490,73,Drow Ranger,0,7230,7460,524,9,1249
2490,97,Centaur Warrunner,1,12470,7440,524,9,1249
2490,69,Pudge,1,12190,7380,524,9,1249
2490,4,Bloodseeker,1,12040,7080,524,9,1249
2490,40,Slark,1,12400,7300,524,9,1249
2490,87,Invoker,1,12370,7240,524,9,1249
2520,30,Skeleton King,0,7300,7100,525,9,1252
2520,39,Wraith King,0,7390,7280,525,9,1252
2520,64,Leshrac,0,7140,7280,525,9,1252
2520,129,Disruptor,0,7290,7080,525,9,1252
2520,73,Drow Ranger,0,7230,7460,525,9,1252
2520,97,Centaur Warrunner,1,12470,7440,525,9,1252
2520,69,Pudge,1,12190,7380,525,9,1252
2520,4,Bloodseeker,1,12040,7080,525,9,1252
2520,40,Slark,1,12400,7300,525,9,1252
2520,87,Invoker,1,12370,7240,525,9,1252
2550,30,Skeleton King,0,7300,7100,525,9,1255
2550,39,Wraith King,0,7390,7280,525,9,1255
2550,64,Leshrac,0,7140,7280,525,9,1255
2550,129,Disruptor,0,7290,7080,525,9,1255
2550,73,Drow Ranger,0,7230,7460,525,9,1255
2550,97,Centaur Warrunner,1,12470,7440,525,9,1255
2550,69,Pudge,1,12190,7380,525,9,1255
2550,4,Bloodseeker,1,12040,7080,525,9,1255
2550,40,Slark,1,12400,7300,525,9,1255
2550,87,Invoker,1,12370,7240,525,9,1255
2580,30,Skeleton King,0,7300,7100,525,9,1258
2580,39,Wraith King,0,7390,7280,525,9,1258
2580,64,Leshrac,0,7140,7280,525,9,1258
2580,129,Disruptor,0,7290,7080,525,9,1258
2580,73,Drow Ranger,0,7230,7460,525,9,1258
2580,97,Centaur Warrunner,1,12470,7440,525,9,1258
2580,69,Pudge,1,12190,7380,525,9,1258
2580,4,Bloodseeker,1,12040,7080,525,9,1258
2580,40,Slark,1,12400,7300,525,9,1258
2580,87,Invoker,1,12370,7240,525,9,1258
2610,30,Skeleton King,0,7300,7100,526,9,1261
2610,39,Wraith King,0,7390,7280,526,9,1261
2610,64,Leshrac,0,7140,7280,526,9,1261
2610,129,Disruptor,0,7290,7080,526,9,1261
2610,73,Drow Ranger,0,7230,7460,526,9,1261
2610,97,Centaur Warrunner,1,12470,7440,526,9,1261
2610,69,Pudge,1,12190,7380,526,9,1261
2610,4,Bloodseeker,1,12040,7080,526,9,1261
2610,40,Slark,1,12400,7300,526,9,1261
2610,87,Invoker,1,12370,7240,526,9,1261
2640,30,Skeleton King,0,7300,7100,526,9,1264
2640,39,Wraith King,0,7390,7280,526,9,1264
2640,64,Leshrac,0,7140,7280,526,9,1264
2640,129,Disruptor,0,7290,7080,526,9,1264
2640,73,Drow Ranger,0,7230,7460,526,9,1264
2640,97,Centaur Warrunner,1,12470,7440,526,9,1264
2640,69,Pudge,1,12190,7380,526,9,1264
2640,4,Bloodseeker,1,12040,7080,526,9,1264
2640,40,Slark,1,12400,7300,526,9,1264
2640,87,Invoker,1,12370,7240,526,9,1264
2670,30,Skeleton King,0,7300,7100,526,9,1267
2670,39,Wraith King,0,7390,7280,526,9,1267
2670,64,Leshrac,0,7140,7280,526,9,1267
2670,129,Disruptor,0,7290,7080,526,9,1267
2670,73,Drow Ranger,0,7230,7460,526,9,1267
2670,97,Centaur Warrunner,1,12470,7440,526,9,1267
2670,69,Pudge,1,12190,7380,526,9,1267
2670,4,Bloodseeker,1,12040,7080,526,9,1267
2670,40,Slark,1,12400,7300,526,9,1267
2670,87,Invoker,1,12370,7240,526,9,1267
2700,30,Skeleton King,0,7300,7100,527,10,1270
2700,39,Wraith King,0,7390,7280,527,10,1270
2700,64,Leshrac,0,7140,7280,527,10,1270
2700,129,Disruptor,0,7290,7080,527,10,1270
2700,73,Drow Ranger,0,7230,7460,527,10,1270
2700,97,Centaur Warrunner,1,12470,7440,527,10,1270
2700,69,Pudge,1,12190,7380,527,10,1270
2700,4,Bloodseeker,1,12040,7080,527,10,1270
2700,40,Slark,1,12400,7300,527,10,1270
2700,87,Invoker,1,12370,7240,527,10,1270
2730,30,Skeleton King,0,7300,7100,527,10,1273
2730,39,Wraith King,0,7390,7280,527,10,1273
2730,64,Leshrac,0,7140,7280,527,10,1273
2730,129,Disruptor,0,7290,7080,527,10,1273
2730,73,Drow Ranger,0,7230,7460,527,10,1273
2730,97,Centaur Warrunner,1,12470,7440,527,10,1273
2730,69,Pudge,1,12190,7380,527,10,1273
2730,4,Bloodseeker,1,12040,7080,527,10,1273
2730,40,Slark,1,12400,7300,527,10,1273
2730,87,Invoker,1,12370,7240,527,10,1273
2760,30,Skeleton King,0,7300,7100,527,10,1276
2760,39,Wraith King,0,7390,7280,527,10,1276
2760,64,Leshrac,0,7140,7280,527,10,1276
2760,129,Disruptor,0,7290,7080,527,10,1276
2760,73,Drow Ranger,0,7230,7460,527,10,1276
2760,97,Centaur Warrunner,1,12470,7440,527,10,1276
2760,69,Pudge,1,12190,7380,527,10,1276
2760,4,Bloodseeker,1,12040,7080,527,10,1276
2760,40,Slark,1,12400,7300,527,10,1276
2760,87,Invoker,1,12370,7240,527,10,1276
2790,30,Skeleton King,0,7300,7100,527,10,1279
2790,39,Wraith King,0,7390,7280,527,10,1279
2790,64,Leshrac,0,7140,7280,527,10,1279
2790,129,Disruptor,0,7290,7080,527,10,1279
2790,73,Drow Ranger,0,7230,7460,527,10,1279
2790,97,Centaur Warrunner,1,12470,7440,527,10,1279
2790,69,Pudge,1,12190,7380,527,10,1279
2790,4,Bloodseeker,1,12040,7080,527,10,1279
2790,40,Slark,1,12400,7300,527,10,1279
2790,87,Invoker,1,12370,7240,527,10,1279
2820,30,Skeleton King,0,7300,7100,528,10,1282
2820,39,Wraith King,0,7390,7280,528,10,1282
2820,64,Leshrac,0,7140,7280,528,10,1282
2820,129,Disruptor,0,7290,7080,528,10,1282
2820,73,Drow Ranger,0,7230,7460,528,10,1282
2820,97,Centaur Warrunner,1,12470,7440,528,10,1282
2820,69,Pudge,1,12190,7380,528,10,1282
2820,4,Bloodseeker,1,12040,7080,528,10,1282
2820,40,Slark,1,12400,7300,528,10,1282
2820,87,Invoker,1,12370,7240,528,10,1282
2850,30,Skeleton King,0,7300,7100,528,10,1285
2850,39,Wraith King,0,7390,7280,528,10,1285
2850,64,Leshrac,0,7140,7280,528,10,1285
2850,129,Disruptor,0,7290,7080,528,10,1285
2850,73,Drow Ranger,0,7230,7460,528,10,1285
2850,97,Centaur Warrunner,1,12470,7440,528,10,1285
2850,69,Pudge,1,12190,7380,528,10,1285
2850,4,Bloodseeker,1,12040,7080,528,10,1285
2850,40,Slark,1,12400,7300,528,10,1285
2850,87,Invoker,1,12370,7240,528,10,1285
2880,30,Skeleton King,0,7300,7100,528,10,1288
2880,39,Wraith King,0,7390,7280,528,10,1288
2880,64,Leshrac,0,7140,7280,528,10,1288
2880,129,Disruptor,0,7290,7080,528,10,1288
2880,73,Drow Ranger,0,7230,7460,528,10,1288
2880,97,Centaur Warrunner,1,12470,7440,528,10,1288
2880,69,Pudge,1,12190,7380,528,10,1288
2880,4,Bloodseeker,1,12040,7080,528,10,1288
2880,40,Slark,1,12400,7300,528,10,1288
2880,87,Invoker,1,12370,7240,528,10,1288
2910,30,Skeleton King,0,7300,7100,529,10,1291
2910,39,Wraith King,0,7390,7280,529,10,1291
2910,64,Leshrac,0,7140,7280,529,10,1291
2910,129,Disruptor,0,7290,7080,529,10,1291
2910,73,Drow Ranger,0,7230,7460,529,10,1291
2910,97,Centaur Warrunner,1,12470,7440,529,10,1291
2910,69,Pudge,1,12190,7380,529,10,1291
2910,4,Bloodseeker,1,12040,7080,529,10,1291
2910,40,Slark,1,12400,7300,529,10,1291
2910,87,Invoker,1,12370,7240,529,10,1291
2940,30,Skeleton King,0,7300,7100,529,10,1294
2940,39,Wraith King,0,7390,7280,529,10,1294
2940,64,Leshrac,0,7140,7280,529,10,1294
2940,129,Disruptor,0,7290,7080,529,10,1294
2940,73,Drow Ranger,0,7230,7460,529,10,1294
2940,97,Centaur Warrunner,1,12470,7440,529,10,1294
2940,69,Pudge,1,12190,7380,529,10,1294
2940,4,Bloodseeker,1,12040,7080,529,10,1294
2940,40,Slark,1,12400,7300,529,10,1294
2940,87,Invoker,1,12370,7240,529,10,1294
2970,30,Skeleton King,0,7300,7100,529,10,1297
2970,39,Wraith King,0,7390,7280,529,10,1297
2970,64,Leshrac,0,7140,7280,529,10,1297
2970,129,Disruptor,0,7290,7080,529,10,1297
2970,73,Drow Ranger,0,7230,7460,529,10,1297
2970,97,Centaur Warrunner,1,12470,7440,529,10,1297
2970,69,Pudge,1,12190,7380,529,10,1297
2970,4,Bloodseeker,1,12040,7080,529,10,1297
2970,40,Slark,1,12400,7300,529,10,1297
2970,87,Invoker,1,12370,7240,529,10,1297
3000,30,Skeleton King,0,7300,7100,530,11,1300
3000,39,Wraith King,0,7390,7280,530,11,1300
3000,64,Leshrac,0,7140,7280,530,11,1300
3000,129,Disruptor,0,7290,7080,530,11,1300
3000,73,Drow Ranger,0,7230,7460,530,11,1300
3000,97,Centaur Warrunner,1,12470,7440,530,11,1300
3000,69,Pudge,1,12190,7380,530,11,1300
3000,4,Bloodseeker,1,12040,7080,530,11,1300
3000,40,Slark,1,12400,7300,530,11,1300
3000,87,Invoker,1,12370,7240,530,11,1300
3030,30,Skeleton King,0,7300,7100,530,11,1303
3030,39,Wraith King,0,7390,7280,530,11,1303
3030,64,Leshrac,0,7140,7280,530,11,1303
3030,129,Disruptor,0,7290,7080,530,11,1303
3030,73,Drow Ranger,0,7230,7460,530,11,1303
3030,97,Centaur Warrunner,1,12470,7440,530,11,1303
3030,69,Pudge,1,12190,7380,530,11,1303
3030,4,Bloodseeker,1,12040,7080,530,11,1303
3030,40,Slark,1,12400,7300,530,11,1303
3030,87,Invoker,1,12370,7240,530,11,1303
3060,30,Skeleton King,0,7300,7100,530,11,1306
3060,39,Wraith King,0,7390,7280,530,11,1306
3060,64,Leshrac,0,7140,7280,530,11,1306
3060,129,Disruptor,0,7290,7080,530,11,1306
3060,73,Drow Ranger,0,7230,7460,530,11,1306
3060,97,Centaur Warrunner,1,12470,7440,530,11,1306
3060,69,Pudge,1,12190,7380,530,11,1306
3060,4,Bloodseeker,1,12040,7080,530,11,1306
3060,40,Slark,1,12400,7300,530,11,1306
3060,87,Invoker,1,12370,7240,530,11,1306
3090,30,Skeleton King,0,7300,7100,530,11,1309
3090,39,Wraith King,0,7390,7280,530,11,1309
3090,64,Leshrac,0,7140,7280,530,11,1309
3090,129,Disruptor,0,7290,7080,530,11,1309
3090,73,Drow Ranger,0,7230,7460,530,11,1309
3090,97,Centaur Warrunner,1,12470,7440,530,11,1309
3090,69,Pudge,1,12190,7380,530,11,1309
3090,4,Bloodseeker,1,12040,7080,530,11,1309
3090,40,Slark,1,12400,7300,530,11,1309
3090,87,Invoker,1,12370,7240,530,11,1309
3120,30,Skeleton King,0,7300,7100,531,11,1312
3120,39,Wraith King,0,7390,7280,531,11,1312
3120,64,Leshrac,0,7140,7280,531,11,1312
3120,129,Disruptor,0,7290,7080,531,11,1312
3120,73,Drow Ranger,0,7230,7460,531,11,1312
3120,97,Centaur Warrunner,1,12470,7440,531,11,1312
3120,69,Pudge,1,12190,7380,531,11,1312
3120,4,Bloodseeker,1,12040,7080,531,11,1312
3120,40,Slark,1,12400,7300,531,11,1312
3120,87,Invoker,1,12370,7240,531,11,1312
3150,30,Skeleton King,0,7300,7100,531,11,1315
3150,39,Wraith King,0,7390,7280,531,11,1315
3150,64,Leshrac,0,7140,7280,531,11,1315
3150,129,Disruptor,0,7290,7080,531,11,1315
3150,73,Drow Ranger,0,7230,7460,531,11,1315
3150,97,Centaur Warrunner,1,12470,7440,531,11,1315
3150,69,Pudge,1,12190,7380,531,11,1315
3150,4,Bloodseeker,1,12040,7080,531,11,1315
3150,40,Slark,1,12400,7300,531,11,1315
3150,87,Invoker,1,12370,7240,531,11,1315
3180,30,Skeleton King,0,7300,7100,531,11,1318
3180,39,Wraith King,0,7390,7280,531,11,1318
3180,64,Leshrac,0,7140,7280,531,11,1318
3180,129,Disruptor,0,7290,7080,531,11,1318
3180,73,Drow Ranger,0,7230,7460,531,11,1318
3180,97,Centaur Warrunner,1,12470,7440,531,11,1318
3180,69,Pudge,1,12190,7380,531,11,1318
3180,4,Bloodseeker,1,12040,7080,531,11,1318
3180,40,Slark,1,12400,7300,531,11,1318
3180,87,Invoker,1,12370,7240,531,11,1318
3210,30,Skeleton King,0,7300,7100,532,11,1321
3210,39,Wraith King,0,7390,7280,532,11,1321
3210,64,Leshrac,0,7140,7280,532,11,1321
3210,129,Disruptor,0,7290,7080,532,11,1321
3210,73,Drow Ranger,0,7230,7460,532,11,1321
3210,97,Centaur Warrunner,1,12470,7440,532,11,1321
3210,69,Pudge,1,12190,7380,532,11,1321
3210,4,Bloodseeker,1,12040,7080,532,11,1321
3210,40,Slark,1,12400,7300,532,11,1321
3210,87,Invoker,1,12370,7240,532,11,1321
3240,30,Skeleton King,0,7300,7100,532,11,1324
3240,39,Wraith King,0,7390,7280,532,11,1324
3240,64,Leshrac,0,7140,7280,532,11,1324
3240,129,Disruptor,0,7290,7080,532,11,1324
3240,73,Drow Ranger,0,7230,7460,532,11,1324
3240,97,Centaur Warrunner,1,12470,7440,532,11,1324
3240,69,Pudge,1,12190,7380,532,11,1324
3240,4,Bloodseeker,1,12040,7080,532,11,1324
3240,40,Slark,1,12400,7300,532,11,1324
3240,87,Invoker,1,12370,7240,532,11,1324
3270,30,Skeleton King,0,7300,7100,532,11,1327
3270,39,Wraith King,0,7390,7280,532,11,1327
3270,64,Leshrac,0,7140,7280,532,11,1327
3270,129,Disruptor,0,7290,7080,532,11,1327
3270,73,Drow Ranger,0,7230,7460,532,11,1327
3270,97,Centaur Warrunner,1,12470,7440,532,11,1327
3270,69,Pudge,1,12190,7380,532,11,1327
3270,4,Bloodseeker,1,12040,7080,532,11,1327
3270,40,Slark,1,12400,7300,532,11,1327
3270,87,Invoker,1,12370,7240,532,11,1327
3300,30,Skeleton King,0,7300,7100,533,12,1330
3300,39,Wraith King,0,7390,7280,533,12,1330
3300,64,Leshrac,0,7140,7280,533,12,1330
3300,129,Disruptor,0,7290,7080,533,12,1330
3300,73,Drow Ranger,0,7230,7460,533,12,1330
3300,97,Centaur Warrunner,1,12470,7440,533,12,1330
3300,69,Pudge,1,12190,7380,533,12,1330
3300,4,Bloodseeker,1,12040,7080,533,12,1330
3300,40,Slark,1,12400,7300,533,12,1330
3300,87,Invoker,1,12370,7240,533,12,1330
3330,30,Skeleton King,0,7300,7100,533,12,1333
3330,39,Wraith King,0,7390,7280,533,12,1333
3330,64,Leshrac,0,7140,7280,533,12,1333
3330,129,Disruptor,0,7290,7080,533,12,1333
3330,73,Drow Ranger,0,7230,7460,533,12,1333
3330,97,Centaur Warrunner,1,12470,7440,533,12,1333
3330,69,Pudge,1,12190,7380,533,12,1333
3330,4,Bloodseeker,1,12040,7080,533,12,1333
3330,40,Slark,1,12400,7300,533,12,1333
3330,87,Invoker,1,12370,7240,533,12,1333
3360,30,Skeleton King,0,7300,7100,533,12,1336
3360,39,Wraith King,0,7390,7280,533,12,1336
3360,64,Leshrac,0,7140,7280,533,12,1336
3360,129,Disruptor,0,7290,7080,533,12,1336
3360,73,Drow Ranger,0,7230,7460,533,12,1336
3360,97,Centaur Warrunner,1,12470,7440,533,12,1336
3360,69,Pudge,1,12190,7380,533,12,1336
3360,4,Bloodseeker,1,12040,7080,533,12,1336
3360,40,Slark,1,12400,7300,533,12,1336
3360,87,Invoker,1,12370,7240,533,12,1336
3390,30,Skeleton King,0,7300,7100,533,12,1339
3390,39,Wraith King,0,7390,7280,533,12,1339
3390,64,Leshrac,0,7140,7280,533,12,1339
3390,129,Disruptor,0,7290,7080,533,12,1339
3390,73,Drow Ranger,0,7230,7460,533,12,1339
3390,97,Centaur Warrunner,1,12470,7440,533,12,1339
3390,69,Pudge,1,12190,7380,533,12,1339
3390,4,Bloodseeker,1,12040,7080,533,12,1339
3390,40,Slark,1,12400,7300,533,12,1339
3390,87,Invoker,1,12370,7240,533,12,1339
3420,30,Skeleton King,0,7300,7100,534,12,1342
3420,39,Wraith King,0,7390,7280,534,12,1342
3420,64,Leshrac,0,7140,7280,534,12,1342
3420,129,Disruptor,0,7290,7080,534,12,1342
3420,73,Drow Ranger,0,7230,7460,534,12,1342
3420,97,Centaur Warrunner,1,12470,7440,534,12,1342
3420,69,Pudge,1,12190,7380,534,12,1342
3420,4,Bloodseeker,1,12040,7080,534,12,1342
3420,40,Slark,1,12400,7300,534,12,1342
3420,87,Invoker,1,12370,7240,534,12,1342
3450,30,Skeleton King,0,7300,7100,534,12,1345
3450,39,Wraith King,0,7390,7280,534,12,1345
3450,64,Leshrac,0,7140,7280,534,12,1345
3450,129,Disruptor,0,7290,7080,534,12,1345
3450,73,Drow Ranger,0,7230,7460,534,12,1345
3450,97,Centaur Warrunner,1,12470,7440,534,12,1345
3450,69,Pudge,1,12190,7380,534,12,1345
3450,4,Bloodseeker,1,12040,7080,534,12,1345
3450,40,Slark,1,12400,7300,534,12,1345
3450,87,Invoker,1,12370,7240,534,12,1345
3480,30,Skeleton King,0,7300,7100,534,12,1348
3480,39,Wraith King,0,7390,7280,534,12,1348
3480,64,Leshrac,0,7140,7280,534,12,1348
3480,129,Disruptor,0,7290,7080,534,12,1348
3480,73,Drow Ranger,0,7230,7460,534,12,1348
3480,97,Centaur Warrunner,1,12470,7440,534,12,1348
3480,69,Pudge,1,12190,7380,534,12,1348
3480,4,Bloodseeker,1,12040,7080,534,12,1348
3480,40,Slark,1,12400,7300,534,12,1348
3480,87,Invoker,1,12370,7240,534,12,1348
3510,30,Skeleton King,0,7300,7100,535,12,1351
3510,39,Wraith King,0,7390,7280,535,12,1351
3510,64,Leshrac,0,7140,7280,535,12,1351
3510,129,Disruptor,0,7290,7080,535,12,1351
3510,73,Drow Ranger,0,7230,7460,535,12,1351
3510,97,Centaur Warrunner,1,12470,7440,535,12,1351
3510,69,Pudge,1,12190,7380,535,12,1351
3510,4,Bloodseeker,1,12040,7080,535,12,1351
3510,40,Slark,1,12400,7300,535,12,1351
3510,87,Invoker,1,12370,7240,535,12,1351
3540,30,Skeleton King,0,7300,7100,535,12,1354
3540,39,Wraith King,0,7390,7280,535,12,1354
3540,64,Leshrac,0,7140,7280,535,12,1354
3540,129,Disruptor,0,7290,7080,535,12,1354
3540,73,Drow Ranger,0,7230,7460,535,12,1354
3540,97,Centaur Warrunner,1,12470,7440,535,12,1354
3540,69,Pudge,1,12190,7380,535,12,1354
3540,4,Bloodseeker,1,12040,7080,535,12,1354
3540,40,Slark,1,12400,7300,535,12,1354
3540,87,Invoker,1,12370,7240,535,12,1354
3570,30,Skeleton King,0,7300,7100,535,12,1357
3570,39,Wraith King,0,7390,7280,535,12,1357
3570,64,Leshrac,0,7140,7280,535,12,1357
3570,129,Disruptor,0,7290,7080,535,12,1357
3570,73,Drow Ranger,0,7230,7460,535,12,1357
3570,97,Centaur Warrunner,1,12470,7440,535,12,1357
3570,69,Pudge,1,12190,7380,535,12,1357
3570,4,Bloodseeker,1,12040,7080,535,12,1357
3570,40,Slark,1,12400,7300,535,12,1357
3570,87,Invoker,1,12370,7240,535,12,1357
3600,30,Skeleton King,0,7300,7100,536,13,1360
3600,39,Wraith King,0,7390,7280,536,13,1360
3600,64,Leshrac,0,7140,7280,536,13,1360
3600,129,Disruptor,0,7290,7080,536,13,1360
3600,73,Drow Ranger,0,7230,7460,536,13,1360
3600,97,Centaur Warrunner,1,12470,7440,536,13,1360
3600,69,Pudge,1,12190,7380,536,13,1360
3600,4,Bloodseeker,1,12040,7080,536,13,1360
3600,40,Slark,1,12400,7300,536,13,1360
3600,87,Invoker,1,12370,7240,536,13,1360
3630,30,Skeleton King,0,7300,7100,536,13,1363
3630,39,Wraith King,0,7390,7280,536,13,1363
3630,64,Leshrac,0,7140,7280,536,13,1363
3630,129,Disruptor,0,7290,7080,536,13,1363
3630,73,Drow Ranger,0,7230,7460,536,13,1363
3630,97,Centaur Warrunner,1,12470,7440,536,13,1363
3630,69,Pudge,1,12190,7380,536,13,1363
3630,4,Bloodseeker,1,12040,7080,536,13,1363
3630,40,Slark,1,12400,7300,536,13,1363
3630,87,Invoker,1,12370,7240,536,13,1363
3660,30,Skeleton King,0,7300,7100,536,13,1366
3660,39,Wraith King,0,7390,7280,536,13,1366
3660,64,Leshrac,0,7140,7280,536,13,1366
3660,129,Disruptor,0,7290,7080,536,13,1366
3660,73,Drow Ranger,0,7230,7460,536,13,1366
3660,97,Centaur Warrunner,1,12470,7440,536,13,1366
3660,69,Pudge,1,12190,7380,536,13,1366
3660,4,Bloodseeker,1,12040,7080,536,13,1366
3660,40,Slark,1,12400,7300,536,13,1366
3660,87,Invoker,1,12370,7240,536,13,1366
3690,30,Skeleton King,0,7300,7100,536,13,1369
3690,39,Wraith King,0,7390,7280,536,13,1369
3690,64,Leshrac,0,7140,7280,536,13,1369
3690,129,Disruptor,0,7290,7080,536,13,1369
3690,73,Drow Ranger,0,7230,7460,536,13,1369
3690,97,Centaur Warrunner,1,12470,7440,536,13,1369
3690,69,Pudge,1,12190,7380,536,13,1369
3690,4,Bloodseeker,1,12040,7080,536,13,1369
3690,40,Slark,1,12400,7300,536,13,1369
3690,87,Invoker,1,12370,7240,536,13,1369
3720,30,Skeleton King,0,7300,7100,537,13,1372
3720,39,Wraith King,0,7390,7280,537,13,1372
3720,64,Leshrac,0,7140,7280,537,13,1372
3720,129,Disruptor,0,7290,7080,537,13,1372
3720,73,Drow Ranger,0,7230,7460,537,13,1372
3720,97,Centaur Warrunner,1,12470,7440,537,13,1372
3720,69,Pudge,1,12190,7380,537,13,1372
3720,4,Bloodseeker,1,12040,7080,537,13,1372
3720,40,Slark,1,12400,7300,537,13,1372
3720,87,Invoker,1,12370,7240,537,13,1372
3750,30,Skeleton King,0,7300,7100,537,13,1375
3750,39,Wraith King,0,7390,7280,537,13,1375
3750,64,Leshrac,0,7140,7280,537,13,1375
3750,129,Disruptor,0,7290,7080,537,13,1375
3750,73,Drow Ranger,0,7230,7460,537,13,1375
3750,97,Centaur Warrunner,1,12470,7440,537,13,1375
3750,69,Pudge,1,12190,7380,537,13,1375
3750,4,Bloodseeker,1,12040,7080,537,13,1375
3750,40,Slark,1,12400,7300,537,13,1375
3750,87,Invoker,1,12370,7240,537,13,1375
3780,30,Skeleton King,0,7300,7100,537,13,1378
3780,39,Wraith King,0,7390,7280,537,13,1378
3780,64,Leshrac,0,7140,7280,537,13,1378
3780,129,Disruptor,0,7290,7080,537,13,1378
3780,73,Drow Ranger,0,7230,7460,537,13,1378
3780,97,Centaur Warrunner,1,12470,7440,537,13,1378
3780,69,Pudge,1,12190,7380,537,13,1378
3780,4,Bloodseeker,1,12040,7080,537,13,1378
3780,40,Slark,1,12400,7300,537,13,1378
3780,87,Invoker,1,12370,7240,537,13,1378
3810,30,Skeleton King,0,7300,7100,538,13,1381
3810,39,Wraith King,0,7390,7280,538,13,1381
3810,64,Leshrac,0,7140,7280,538,13,1381
3810,129,Disruptor,0,7290,7080,538,13,1381
3810,73,Drow Ranger,0,7230,7460,538,13,1381
3810,97,Centaur Warrunner,1,12470,7440,538,13,1381
3810,69,Pudge,1,12190,7380,538,13,1381
3810,4,Bloodseeker,1,12040,7080,538,13,1381
3810,40,Slark,1,12400,7300,538,13,1381
3810,87,Invoker,1,12370,7240,538,13,1381
3840,30,Skeleton King,0,7300,7100,538,13,1384
3840,39,Wraith King,0,7390,7280,538,13,1384
3840,64,Leshrac,0,7140,7280,538,13,1384
3840,129,Disruptor,0,7290,7080,538,13,1384
3840,73,Drow Ranger,0,7230,7460,538,13,1384
3840,97,Centaur Warrunner,1,12470,7440,538,13,1384
3840,69,Pudge,1,12190,7380,538,13,1384
3840,4,Bloodseeker,1,12040,7080,538,13,1384
3840,40,Slark,1,12400,7300,538,13,1384
3840,87,Invoker,1,12370,7240,538,13,1384
3870,30,Skeleton King,0,7300,7100,538,13,1387
3870,39,Wraith King,0,7390,7280,538,13,1387
3870,64,Leshrac,0,7140,7280,538,13,1387
3870,129,Disruptor,0,7290,7080,538,13,1387
3870,73,Drow Ranger,0,7230,7460,538,13,1387
3870,97,Centaur Warrunner,1,12470,7440,538,13,1387
3870,69,Pudge,1,12190,7380,538,13,1387
3870,4,Bloodseeker,1,12040,7080,538,13,1387
3870,40,Slark,1,12400,7300,538,13,1387
3870,87,Invoker,1,12370,7240,538,13,1387
3900,30,Skeleton King,0,7300,7100,539,14,1390
3900,39,Wraith King,0,7390,7280,539,14,1390
3900,64,Leshrac,0,7140,7280,539,14,1390
3900,129,Disruptor,0,7290,7080,539,14,1390
3900,73,Drow Ranger,0,7230,7460,539,14,1390
3900,97,Centaur Warrunner,1,12470,7440,539,14,1390
3900,69,Pudge,1,12190,7380,539,14,1390
3900,4,Bloodseeker,1,12040,7080,539,14,1390
3900,40,Slark,1,12400,7300,539,14,1390
3900,87,Invoker,1,12370,7240,539,14,1390
3930,30,Skeleton King,0,7300,7100,539,14,1393
3930,39,Wraith King,0,7390,7280,539,14,1393
3930,64,Leshrac,0,7140,7280,539,14,1393
3930,129,Disruptor,0,7290,7080,539,14,1393
3930,73,Drow Ranger,0,7230,7460,539,14,1393
3930,97,Centaur Warrunner,1,12470,7440,539,14,1393
3930,69,Pudge,1,12190,7380,539,14,1393
3930,4,Bloodseeker,1,12040,7080,539,14,1393
3930,40,Slark,1,12400,7300,539,14,1393
3930,87,Invoker,1,12370,7240,539,14,1393
3960,30,Skeleton King,0,7300,7100,539,14,1396
3960,39,Wraith King,0,7390,7280,539,14,1396
3960,64,Leshrac,0,7140,7280,539,14,1396
3960,129,Disruptor,0,7290,7080,539,14,1396
3960,73,Drow Ranger,0,7230,7460,539,14,1396
3960,97,Centaur Warrunner,1,12470,7440,539,14,1396
3960,69,Pudge,1,12190,7380,539,14,1396
3960,4,Bloodseeker,1,12040,7080,539,14,1396
3960,40,Slark,1,12400,7300,539,14,1396
3960,87,Invoker,1,12370,7240,539,14,1396
3990,30,Skeleton King,0,7300,7100,539,14,1399
3990,39,Wraith King,0,7390,7280,539,14,1399
3990,64,Leshrac,0,7140,7280,539,14,1399
3990,129,Disruptor,0,7290,7080,539,14,1399
3990,73,Drow Ranger,0,7230,7460,539,14,1399
3990,97,Centaur Warrunner,1,12470,7440,539,14,1399
3990,69,Pudge,1,12190,7380,539,14,1399
3990,4,Bloodseeker,1,12040,7080,539,14,1399
3990,40,Slark,1,12400,7300,539,14,1399
3990,87,Invoker,1,12370,7240,539,14,1399
4020,30,Skeleton King,0,7300,7100,540,14,1402
4020,39,Wraith King,0,7390,7280,540,14,1402
4020,64,Leshrac,0,7140,7280,540,14,1402
4020,129,Disruptor,0,7290,7080,540,14,1402
4020,73,Drow Ranger,0,7230,7460,540,14,1402
4020,97,Centaur Warrunner,1,12470,7440,540,14,1402
4020,69,Pudge,1,12190,7380,540,14,1402
4020,4,Bloodseeker,1,12040,7080,540,14,1402
4020,40,Slark,1,12400,7300,540,14,1402
4020,87,Invoker,1,12370,7240,540,14,1402
4050,30,Skeleton King,0,7300,7100,540,14,1405
4050,39,Wraith King,0,7390,7280,540,14,1405
4050,64,Leshrac,0,7140,7280,540,14,1405
4050,129,Disruptor,0,7290,7080,540,14,1405
4050,73,Drow Ranger,0,7230,7460,540,14,1405
4050,97,Centaur Warrunner,1,12470,7440,540,14,1405
4050,69,Pudge,1,12190,7380,540,14,1405
4050,4,Bloodseeker,1,12040,7080,540,14,1405
4050,40,Slark,1,12400,7300,540,14,1405
4050,87,Invoker,1,12370,7240,540,14,1405
4080,30,Skeleton King,0,7300,7100,540,14,1408
4080,39,Wraith King,0,7390,7280,540,14,1408
4080,64,Leshrac,0,7140,7280,540,14,1408
4080,129,Disruptor,0,7290,7080,540,14,1408
4080,73,Drow Ranger,0,7230,7460,540,14,1408
4080,97,Centaur Warrunner,1,12470,7440,540,14,1408
4080,69,Pudge,1,12190,7380,540,14,1408
4080,4,Bloodseeker,1,12040,7080,540,14,1408
4080,40,Slark,1,12400,7300,540,14,1408
4080,87,Invoker,1,12370,7240,540,14,1408
4110,30,Skeleton King,0,7300,7100,541,14,1411
4110,39,Wraith King,0,7390,7280,541,14,1411
4110,64,Leshrac,0,7140,7280,541,14,1411
4110,129,Disruptor,0,7290,7080,541,14,1411
4110,73,Drow Ranger,0,7230,7460,541,14,1411
4110,97,Centaur Warrunner,1,12470,7440,541,14,1411
4110,69,Pudge,1,12190,7380,541,14,1411
4110,4,Bloodseeker,1,12040,7080,541,14,1411
4110,40,Slark,1,12400,7300,541,14,1411
4110,87,Invoker,1,12370,7240,541,14,1411
4140,30,Skeleton King,0,7300,7100,541,14,1414
4140,39,Wraith King,0,7390,7280,541,14,1414
4140,64,Leshrac,0,7140,7280,541,14,1414
4140,129,Disruptor,0,7290,7080,541,14,1414
4140,73,Drow Ranger,0,7230,7460,541,14,1414
4140,97,Centaur Warrunner,1,12470,7440,541,14,1414
4140,69,Pudge,1,12190,7380,541,14,1414
4140,4,Bloodseeker,1,12040,7080,541,14,1414
4140,40,Slark,1,12400,7300,541,14,1414
4140,87,Invoker,1,12370,7240,541,14,1414
4170,30,Skeleton King,0,7300,7100,541,14,1417
4170,39,Wraith King,0,7390,7280,541,14,1417
4170,64,Leshrac,0,7140,7280,541,14,1417
4170,129,Disruptor,0,7290,7080,541,14,1417
4170,73,Drow Ranger,0,7230,7460,541,14,1417
4170,97,Centaur Warrunner,1,12470,7440,541,14,1417
4170,69,Pudge,1,12190,7380,541,14,1417
4170,4,Bloodseeker,1,12040,7080,541,14,1417
4170,40,Slark,1,12400,7300,541,14,1417
4170,87,Invoker,1,12370,7240,541,14,1417
4200,30,Skeleton King,0,7300,7100,542,15,1420
4200,39,Wraith King,0,7390,7280,542,15,1420
4200,64,Leshrac,0,7140,7280,542,15,1420
4200,129,Disruptor,0,7290,7080,542,15,1420
4200,73,Drow Ranger,0,7230,7460,542,15,1420
4200,97,Centaur Warrunner,1,12470,7440,542,15,1420
4200,69,Pudge,1,12190,7380,542,15,1420
4200,4,Bloodseeker,1,12040,7080,542,15,1420
4200,40,Slark,1,12400,7300,542,15,1420
4200,87,Invoker,1,12370,7240,542,15,1420
4230,30,Skeleton King,0,7300,7100,542,15,1423
4230,39,Wraith King,0,7390,7280,542,15,1423
4230,64,Leshrac,0,7140,7280,542,15,1423
4230,129,Disruptor,0,7290,7080,542,15,1423
4230,73,Drow Ranger,0,7230,7460,542,15,1423
4230,97,Centaur Warrunner,1,12470,7440,542,15,1423
4230,69,Pudge,1,12190,7380,542,15,1423
4230,4,Bloodseeker,1,12040,7080,542,15,1423
4230,40,Slark,1,12400,7300,542,15,1423
4230,87,Invoker,1,12370,7240,542,15,1423
4260,30,Skeleton King,0,7300,7100,542,15,1426
4260,39,Wraith King,0,7390,7280,542,15,1426
4260,64,Leshrac,0,7140,7280,542,15,1426
4260,129,Disruptor,0,7290,7080,542,15,1426
4260,73,Drow Ranger,0,7230,7460,542,15,1426
4260,97,Centaur Warrunner,1,12470,7440,542,15,1426
4260,69,Pudge,1,12190,7380,542,15,1426
4260,4,Bloodseeker,1,12040,7080,542,15,1426
4260,40,Slark,1,12400,7300,542,15,1426
4260,87,Invoker,1,12370,7240,542,15,1426
4290,30,Skeleton King,0,7300,7100,542,15,1429
4290,39,Wraith King,0,7390,7280,542,15,1429
4290,64,Leshrac,0,7140,7280,542,15,1429
4290,129,Disruptor,0,7290,7080,542,15,1429
4290,73,Drow Ranger,0,7230,7460,542,15,1429
4290,97,Centaur Warrunner,1,12470,7440,542,15,1429
4290,69,Pudge,1,12190,7380,542,15,1429
4290,4,Bloodseeker,1,12040,7080,542,15,1429
4290,40,Slark,1,12400,7300,542,15,1429
4290,87,Invoker,1,12370,7240,542,15,1429
4320,30,Skeleton King,0,7300,7100,543,15,1432
4320,39,Wraith King,0,7390,7280,543,15,1432
4320,64,Leshrac,0,7140,7280,543,15,1432
4320,129,Disruptor,0,7290,7080,543,15,1432
4320,73,Drow Ranger,0,7230,7460,543,15,1432
4320,97,Centaur Warrunner,1,12470,7440,543,15,1432
4320,69,Pudge,1,12190,7380,543,15,1432
4320,4,Bloodseeker,1,12040,7080,543,15,1432
4320,40,Slark,1,12400,7300,543,15,1432
4320,87,Invoker,1,12370,7240,543,15,1432
4350,30,Skeleton King,0,7300,7100,543,15,1435
4350,39,Wraith King,0,7390,7280,543,15,1435
4350,64,Leshrac,0,7140,7280,543,15,1435
4350,129,Disruptor,0,7290,7080,543,15,1435
4350,73,Drow Ranger,0,7230,7460,543,15,1435
4350,97,Centaur Warrunner,1,12470,7440,543,15,1435
4350,69,Pudge,1,12190,7380,543,15,1435
4350,4,Bloodseeker,1,12040,7080,543,15,1435
4350,40,Slark,1,12400,7300,543,15,1435
4350,87,Invoker,1,12370,7240,543,15,1435
4380,30,Skeleton King,0,7300,7100,543,15,1438
4380,39,Wraith King,0,7390,7280,543,15,1438
4380,64,Leshrac,0,7140,7280,543,15,1438
4380,129,Disruptor,0,7290,7080,543,15,1438
4380,73,Drow Ranger,0,7230,7460,543,15,1438
4380,97,Centaur Warrunner,1,12470,7440,543,15,1438
4380,69,Pudge,1,12190,7380,543,15,1438
4380,4,Bloodseeker,1,12040,7080,543,15,1438
4380,40,Slark,1,12400,7300,543,15,1438
4380,87,Invoker,1,12370,7240,543,15,1438
4410,30,Skeleton King,0,7300,7100,544,15,1441
4410,39,Wraith King,0,7390,7280,544,15,1441
4410,64,Leshrac,0,7140,7280,544,15,1441
4410,129,Disruptor,0,7290,7080,544,15,1441
4410,73,Drow Ranger,0,7230,7460,544,15,1441
4410,97,Centaur Warrunner,1,12470,7440,544,15,1441
4410,69,Pudge,1,12190,7380,544,15,1441
4410,4,Bloodseeker,1,12040,7080,544,15,1441
4410,40,Slark,1,12400,7300,544,15,1441
4410,87,Invoker,1,12370,7240,544,15,1441
4440,30,Skeleton King,0,7300,7100,544,15,1444
4440,39,Wraith King,0,7390,7280,544,15,1444
4440,64,Leshrac,0,7140,7280,544,15,1444
4440,129,Disruptor,0,7290,7080,544,15,1444
4440,73,Drow Ranger,0,7230,7460,544,15,1444
4440,97,Centaur Warrunner,1,12470,7440,544,15,1444
4440,69,Pudge,1,12190,7380,544,15,1444
4440,4,Bloodseeker,1,12040,7080,544,15,1444
4440,40,Slark,1,12400,7300,544,15,1444
4440,87,Invoker,1,12370,7240,544,15,1444
4470,30,Skeleton King,0,7300,7100,544,15,1447
4470,39,Wraith King,0,7390,7280,544,15,1447
4470,64,Leshrac,0,7140,7280,544,15,1447
4470,129,Disruptor,0,7290,7080,544,15,1447
4470,73,Drow Ranger,0,7230,7460,544,15,1447
4470,97,Centaur Warrunner,1,12470,7440,544,15,1447
4470,69,Pudge,1,12190,7380,544,15,1447
4470,4,Bloodseeker,1,12040,7080,544,15,1447
4470,40,Slark,1,12400,7300,544,15,1447
4470,87,Invoker,1,12370,7240,544,15,1447
4500,30,Skeleton King,0,7300,7100,545,16,1450
4500,39,Wraith King,0,7390,7280,545,16,1450
4500,64,Leshrac,0,7140,7280,545,16,1450
4500,129,Disruptor,0,7290,7080,545,16,1450
4500,73,Drow Ranger,0,7230,7460,545,16,1450
4500,97,Centaur Warrunner,1,12470,7440,545,16,1450
4500,69,Pudge,1,12190,7380,545,16,1450
4500,4,Bloodseeker,1,12040,7080,545,16,1450
4500,40,Slark,1,12400,7300,545,16,1450
4500,87,Invoker,1,12370,7240,545,16,1450
4530,30,Skeleton King,0,7300,7100,545,16,1453
4530,39,Wraith King,0,7390,7280,545,16,1453
4530,64,Leshrac,0,7140,7280,545,16,1453
4530,129,Disruptor,0,7290,7080,545,16,1453
4530,73,Drow Ranger,0,7230,7460,545,16,1453
4530,97,Centaur Warrunner,1,12470,7440,545,16,1453
4530,69,Pudge,1,12190,7380,545,16,1453
4530,4,Bloodseeker,1,12040,7080,545,16,1453
4530,40,Slark,1,12400,7300,545,16,1453
4530,87,Invoker,1,12370,7240,545,16,1453
4560,30,Skeleton King,0,7300,7100,545,16,1456
4560,39,Wraith King,0,7390,7280,545,16,1456
4560,64,Leshrac,0,7140,7280,545,16,1456
4560,129,Disruptor,0,7290,7080,545,16,1456
4560,73,Drow Ranger,0,7230,7460,545,16,1456
4560,97,Centaur Warrunner,1,12470,7440,545,16,1456
4560,69,Pudge,1,12190,7380,545,16,1456
4560,4,Bloodseeker,1,12040,7080,545,16,1456
4560,40,Slark,1,12400,7300,545,16,1456
4560,87,Invoker,1,12370,7240,545,16,1456
4590,30,Skeleton King,0,7300,7100,545,16,1459
4590,39,Wraith King,0,7390,7280,545,16,1459
4590,64,Leshrac,0,7140,7280,545,16,1459
4590,129,Disruptor,0,7290,7080,545,16,1459
4590,73,Drow Ranger,0,7230,7460,545,16,1459
4590,97,Centaur Warrunner,1,12470,7440,545,16,1459
4590,69,Pudge,1,12190,7380,545,16,1459
4590,4,Bloodseeker,1,12040,7080,545,16,1459
4590,40,Slark,1,12400,7300,545,16,1459
4590,87,Invoker,1,12370,7240,545,16,1459
4620,30,Skeleton King,0,7300,7100,546,16,1462
4620,39,Wraith King,0,7390,7280,546,16,1462
4620,64,Leshrac,0,7140,7280,546,16,1462
4620,129,Disruptor,0,7290,7080,546,16,1462
4620,73,Drow Ranger,0,7230,7460,546,16,1462
4620,97,Centaur Warrunner,1,12470,7440,546,16,1462
4620,69,Pudge,1,12190,7380,546,16,1462
4620,4,Bloodseeker,1,12040,7080,546,16,1462
4620,40,Slark,1,12400,7300,546,16,1462
4620,87,Invoker,1,12370,7240,546,16,1462
4650,30,Skeleton King,0,7300,7100,546,16,1465
4650,39,Wraith King,0,7390,7280,546,16,1465
4650,64,Leshrac,0,7140,7280,546,16,1465
4650,129,Disruptor,0,7290,7080,546,16,1465
4650,73,Drow Ranger,0,7230,7460,546,16,1465
4650,97,Centaur Warrunner,1,12470,7440,546,16,1465
4650,69,Pudge,1,12190,7380,546,16,1465
4650,4,Bloodseeker,1,12040,7080,546,16,1465
4650,40,Slark,1,12400,7300,546,16,1465
4650,87,Invoker,1,12370,7240,546,16,1465
4680,30,Skeleton King,0,7300,7100,546,16,1468
4680,39,Wraith King,0,7390,7280,546,16,1468
4680,64,Leshrac,0,7140,7280,546,16,1468
4680,129,Disruptor,0,7290,7080,546,16,1468
4680,73,Drow Ranger,0,7230,7460,546,16,1468
4680,97,Centaur Warrunner,1,12470,7440,546,16,1468
4680,69,Pudge,1,12190,7380,546,16,1468
4680,4,Bloodseeker,1,12040,7080,546,16,1468
4680,40,Slark,1,12400,7300,546,16,1468
4680,87,Invoker,1,12370,7240,546,16,1468
4710,30,Skeleton King,0,7300,7100,547,16,1471
4710,39,Wraith King,0,7390,7280,547,16,1471
4710,64,Leshrac,0,7140,7280,547,16,1471
4710,129,Disruptor,0,7290,7080,547,16,1471
4710,73,Drow Ranger,0,7230,7460,547,16,1471
4710,97,Centaur Warrunner,1,12470,7440,547,16,1471
4710,69,Pudge,1,12190,7380,547,16,1471
4710,4,Bloodseeker,1,12040,7080,547,16,1471
4710,40,Slark,1,12400,7300,547,16,1471
4710,87,Invoker,1,12370,7240,547,16,1471
4740,30,Skeleton King,0,7300,7100,547,16,1474
4740,39,Wraith King,0,7390,7280,547,16,1474
4740,64,Leshrac,0,7140,7280,547,16,1474
4740,129,Disruptor,0,7290,7080,547,16,1474
4740,73,Drow Ranger,0,7230,7460,547,16,1474
4740,97,Centaur Warrunner,1,12470,7440,547,16,1474
4740,69,Pudge,1,12190,7380,547,16,1474
4740,4,Bloodseeker,1,12040,7080,547,16,1474
4740,40,Slark,1,12400,7300,547,16,1474
4740,87,Invoker,1,12370,7240,547,16,1474
4770,30,Skeleton King,0,7300,7100,547,16,1477
4770,39,Wraith King,0,7390,7280,547,16,1477
4770,64,Leshrac,0,7140,7280,547,16,1477
4770,129,Disruptor,0,7290,7080,547,16,1477
4770,73,Drow Ranger,0,7230,7460,547,16,1477
4770,97,Centaur Warrunner,1,12470,7440,547,16,1477
4770,69,Pudge,1,12190,7380,547,16,1477
4770,4,Bloodseeker,1,12040,7080,547,16,1477
4770,40,Slark,1,12400,7300,547,16,1477
4770,87,Invoker,1,12370,7240,547,16,1477
4800,30,Skeleton King,0,7300,7100,548,17,1480
4800,39,Wraith King,0,7390,7280,548,17,1480
4800,64,Leshrac,0,7140,7280,548,17,1480
4800,129,Disruptor,0,7290,7080,548,17,1480
4800,73,Drow Ranger,0,7230,7460,548,17,1480
4800,97,Centaur Warrunner,1,12470,7440,548,17,1480
4800,69,Pudge,1,12190,7380,548,17,1480
4800,4,Bloodseeker,1,12040,7080,548,17,1480
4800,40,Slark,1,12400,7300,548,17,1480
4800,87,Invoker,1,12370,7240,548,17,1480
4830,30,Skeleton King,0,7300,7100,548,17,1483
4830,39,Wraith King,0,7390,7280,548,17,1483
4830,64,Leshrac,0,7140,7280,548,17,1483
4830,129,Disruptor,0,7290,7080,548,17,1483
4830,73,Drow Ranger,0,7230,7460,548,17,1483
4830,97,Centaur Warrunner,1,12470,7440,548,17,1483
4830,69,Pudge,1,12190,7380,548,17,1483
4830,4,Bloodseeker,1,12040,7080,548,17,1483
4830,40,Slark,1,12400,7300,548,17,1483
4830,87,Invoker,1,12370,7240,548,17,1483
4860,30,Skeleton King,0,7300,7100,548,17,1486
4860,39,Wraith King,0,7390,7280,548,17,1486
4860,64,Leshrac,0,7140,7280,548,17,1486
4860,129,Disruptor,0,7290,7080,548,17,1486
4860,73,Drow Ranger,0,7230,7460,548,17,1486
4860,97,Centaur Warrunner,1,12470,7440,548,17,1486
4860,69,Pudge,1,12190,7380,548,17,1486
4860,4,Bloodseeker,1,12040,7080,548,17,1486
4860,40,Slark,1,12400,7300,548,17,1486
4860,87,Invoker,1,12370,7240,548,17,1486
4890,30,Skeleton King,0,7300,7100,548,17,1489
4890,39,Wraith King,0,7390,7280,548,17,1489
4890,64,Leshrac,0,7140,7280,548,17,1489
4890,129,Disruptor,0,7290,7080,548,17,1489
4890,73,Drow Ranger,0,7230,7460,548,17,1489
4890,97,Centaur Warrunner,1,12470,7440,548,17,1489
4890,69,Pudge,1,12190,7380,548,17,1489
4890,4,Bloodseeker,1,12040,7080,548,17,1489
4890,40,Slark,1,12400,7300,548,17,1489
4890,87,Invoker,1,12370,7240,548,17,1489
4920,30,Skeleton King,0,7300,7100,549,17,1492
4920,39,Wraith King,0,7390,7280,549,17,1492
4920,64,Leshrac,0,7140,7280,549,17,1492
4920,129,Disruptor,0,7290,7080,549,17,1492
4920,73,Drow Ranger,0,7230,7460,549,17,1492
4920,97,Centaur Warrunner,1,12470,7440,549,17,1492
4920,69,Pudge,1,12190,7380,549,17,1492
4920,4,Bloodseeker,1,12040,7080,549,17,1492
4920,40,Slark,1,12400,7300,549,17,1492
4920,87,Invoker,1,12370,7240,549,17,1492
4950,30,Skeleton King,0,7300,7100,549,17,1495
4950,39,Wraith King,0,7390,7280,549,17,1495
4950,64,Leshrac,0,7140,7280,549,17,1495
4950,129,Disruptor,0,7290,7080,549,17,1495
4950,73,Drow Ranger,0,7230,7460,549,17,1495
4950,97,Centaur Warrunner,1,12470,7440,549,17,1495
4950,69,Pudge,1,12190,7380,549,17,1495
4950,4,Bloodseeker,1,12040,7080,549,17,1495
4950,40,Slark,1,12400,7300,549,17,1495
4950,87,Invoker,1,12370,7240,549,17,1495
4980,30,Skeleton King,0,7300,7100,549,17,1498
4980,39,Wraith King,0,7390,7280,549,17,1498
4980,64,Leshrac,0,7140,7280,549,17,1498
4980,129,Disruptor,0,7290,7080,549,17,1498
4980,73,Drow Ranger,0,7230,7460,549,17,1498
4980,97,Centaur Warrunner,1,12470,7440,549,17,1498
4980,69,Pudge,1,12190,7380,549,17,1498
4980,4,Bloodseeker,1,12040,7080,549,17,1498
4980,40,Slark,1,12400,7300,549,17,1498
4980,87,Invoker,1,12370,7240,549,17,1498
